schoolid,mathach
1224,5.876
1224,19.708
1224,20.349
1224,8.781
1224,17.898
1224,4.583
1224,-2.832
1224,.523
1224,1.527
1224,21.521
1224,9.475
1224,16.057
1224,21.178
1224,20.178
1224,20.349
1224,20.508
1224,19.338
1224,4.145
1224,2.927
1224,16.405
1224,13.653
1224,6.558
1224,9.653
1224,3.154
1224,4.753
1224,21.721
1224,5.166
1224,6.399
1224,6.821
1224,9.255
1224,3.745
1224,.858
1224,11.542
1224,13.255
1224,10.557
1224,.868
1224,8.296
1224,-1.688
1224,2.059
1224,6.714
1224,.122
1224,2.381
1224,16.336
1224,6.134
1224,23.584
1224,14.053
1224,2.183
1288,7.857
1288,10.171
1288,15.699
1288,22.919
1288,10.664
1288,13.543
1288,18.207
1288,5.552
1288,7.416
1288,18.792
1288,1.575
1288,3.534
1288,20.173
1288,10.772
1288,2.619
1288,21.3
1288,19.527
1288,18.402
1288,20.69
1288,21.437
1288,7.519
1288,18.397
1288,4.617
1288,23.578
1288,12.81
1296,12.668
1296,.781
1296,4.968
1296,23.172
1296,8.278
1296,6.244
1296,1.326
1296,2.359
1296,6.757
1296,6.251
1296,3.404
1296,22.201
1296,-1.353
1296,-.014
1296,5.216
1296,3.587
1296,11.162
1296,5.982
1296,2.814
1296,7.272
1296,8.895
1296,8.773
1296,12.176
1296,3.052
1296,6.834
1296,3.255
1296,6.355
1296,11.589
1296,8.08
1296,19.822
1296,14.239
1296,1.17
1296,-1.127
1296,10.84
1296,6.778
1296,9.449
1296,5.995
1296,4.765
1296,14.399
1296,6.588
1296,11.026
1296,7.095
1296,12.721
1296,5.52
1296,7.353
1296,7.095
1296,9.999
1296,10.715
1308,13.233
1308,13.952
1308,13.757
1308,13.97
1308,23.434
1308,9.162
1308,23.818
1308,15.998
1308,16.039
1308,24.993
1308,15.657
1308,16.258
1308,10.546
1308,17.615
1308,21.116
1308,6.493
1308,2.512
1308,22.393
1308,21.488
1308,22.676
1317,12.862
1317,8.961
1317,4.756
1317,21.405
1317,20.748
1317,18.362
1317,14.752
1317,11.29
1317,10.493
1317,10.956
1317,21.405
1317,23.355
1317,12.283
1317,9.257
1317,11.502
1317,20.039
1317,21.405
1317,23.736
1317,11.027
1317,17.203
1317,10.661
1317,7.031
1317,13.677
1317,13.373
1317,10.121
1317,10.394
1317,6.973
1317,11.064
1317,11.531
1317,8.253
1317,7.142
1317,3.22
1317,15.784
1317,17.246
1317,9.337
1317,15.555
1317,8.382
1317,11.621
1317,4.81
1317,17.869
1317,8.057
1317,11.794
1317,18.939
1317,20.261
1317,10.066
1317,20.236
1317,4.508
1317,18.827
1358,-1.347
1358,8.054
1358,15.655
1358,11.648
1358,11.629
1358,18.687
1358,-.827
1358,7.87
1358,18.115
1358,3.792
1358,11.03
1358,7.564
1358,3.465
1358,15.038
1358,10.184
1358,2.933
1358,8.438
1358,7.519
1358,18.735
1358,10.19
1358,16.294
1358,10.65
1358,10.301
1358,17.811
1358,14.646
1358,17.191
1358,8.69
1358,21.142
1358,16.499
1358,14.591
1374,16.663
1374,-2.155
1374,.085
1374,18.804
1374,2.409
1374,16.759
1374,18.948
1374,10.593
1374,15.557
1374,23.419
1374,.333
1374,-2.002
1374,24.041
1374,-2.657
1374,7.603
1374,5.803
1374,3.931
1374,8.268
1374,1.344
1374,16.449
1374,2.881
1374,20.93
1374,22.086
1374,7.653
1374,8.082
1374,5.503
1374,9.004
1374,12.063
1433,12.907
1433,18.496
1433,20.323
1433,22.682
1433,14.198
1433,24.044
1433,19.571
1433,22.183
1433,16.676
1433,23.327
1433,16.394
1433,23.032
1433,18.586
1433,15.246
1433,20.731
1433,20.447
1433,23.572
1433,17.571
1433,24.993
1433,24.421
1433,11.478
1433,24.812
1433,22.093
1433,18.716
1433,23.392
1433,15.992
1433,13.254
1433,24.812
1433,22.086
1433,24.479
1433,16.724
1433,20.628
1433,14.544
1433,19.033
1433,18.727
1436,24.133
1436,18.77
1436,21.803
1436,9.561
1436,15.132
1436,22.387
1436,22.578
1436,18.763
1436,18.301
1436,15.879
1436,20.424
1436,23.072
1436,13.12
1436,18.844
1436,17.495
1436,15.615
1436,11.001
1436,17.103
1436,21.56
1436,19.419
1436,18.471
1436,22.868
1436,14.138
1436,23.271
1436,13.472
1436,17.465
1436,16.038
1436,22.455
1436,18.984
1436,12.535
1436,16.568
1436,22.592
1436,16.886
1436,22.985
1436,6.798
1436,5.51
1436,24.479
1436,18.827
1436,20.268
1436,24.993
1436,15.06
1436,20.818
1436,18.33
1436,18.14
1461,12.962
1461,24.545
1461,13.314
1461,16.929
1461,3.796
1461,14.581
1461,18.719
1461,12.595
1461,17.326
1461,15.918
1461,23.088
1461,18.259
1461,23.517
1461,14.157
1461,17.999
1461,18.858
1461,22.183
1461,24.993
1461,20.928
1461,22.461
1461,18.322
1461,2.895
1461,21.007
1461,18.471
1461,24.48
1461,18.471
1461,18.831
1461,18.114
1461,22.685
1461,-.338
1461,21.09
1461,-2.832
1461,17.483
1462,1.967
1462,7.718
1462,19.043
1462,20.133
1462,22.289
1462,14.277
1462,10.189
1462,9.607
1462,6.125
1462,23.818
1462,6.34
1462,9.437
1462,8.168
1462,4.31
1462,6.986
1462,21.452
1462,9.167
1462,9.625
1462,.722
1462,3.115
1462,23.066
1462,4.518
1462,5.337
1462,4.103
1462,15.794
1462,1.975
1462,2.693
1462,13.809
1462,7.964
1462,2.142
1462,6.035
1462,17.996
1462,20.792
1462,9.909
1462,5.189
1462,7.772
1462,12.074
1462,15.103
1462,11.252
1462,1.283
1462,16.975
1462,8.762
1462,6.789
1462,12.283
1462,11.479
1462,9.071
1462,9.474
1462,12.089
1462,16.534
1462,6.331
1462,10.386
1462,8.163
1462,18.801
1462,22.581
1462,16.095
1462,5.321
1462,3.819
1477,14.15
1477,3.976
1477,3.846
1477,5.238
1477,9.349
1477,23.765
1477,22.84
1477,1.606
1477,19.269
1477,17.191
1477,16.288
1477,7.106
1477,20.714
1477,18.171
1477,21.951
1477,-2.832
1477,20.246
1477,21.75
1477,16.337
1477,16.061
1477,11.724
1477,19.401
1477,2.186
1477,23.204
1477,12.755
1477,14.076
1477,22.493
1477,22.714
1477,11.031
1477,18.777
1477,24.107
1477,23.004
1477,8.136
1477,10.714
1477,12.59
1477,14.732
1477,22.396
1477,16.304
1477,16.19
1477,7.275
1477,14.809
1477,-.203
1477,17.967
1477,24.247
1477,6.946
1477,17.791
1477,8.856
1477,10.349
1477,9.44
1477,4.999
1477,7.873
1477,17.007
1477,16.262
1477,.466
1477,18.887
1477,24.812
1477,15.245
1477,14.958
1477,12.508
1477,21.853
1477,20.844
1477,5.418
1499,5.608
1499,18.352
1499,5.949
1499,-1.462
1499,4.087
1499,10.258
1499,21.791
1499,1.365
1499,1.73
1499,5.093
1499,17.572
1499,11.211
1499,6.018
1499,6.394
1499,14.681
1499,11.868
1499,2.404
1499,2.042
1499,11.685
1499,-.818
1499,6.718
1499,13.72
1499,21.907
1499,-2.195
1499,8.519
1499,1.679
1499,-1.744
1499,6.795
1499,4.179
1499,7.709
1499,5.35
1499,.259
1499,7.983
1499,9.901
1499,2.497
1499,23.542
1499,13.571
1499,21.421
1499,3.676
1499,4.856
1499,14.056
1499,1.67
1499,8.401
1499,10.964
1499,11.955
1499,1.647
1499,4.267
1499,5.376
1499,6.672
1499,8.532
1499,5.681
1499,2.727
1499,7.88
1637,4.213
1637,10.524
1637,5.571
1637,4.062
1637,9.826
1637,-.538
1637,7.032
1637,-1.437
1637,3.77
1637,6.689
1637,-2.832
1637,1.74
1637,4.814
1637,7.723
1637,3.595
1637,24.993
1637,17.621
1637,18.052
1637,7.138
1637,2.202
1637,6.065
1637,11.613
1637,-1.211
1637,14.536
1637,-2.374
1637,20.394
1637,5.87
1906,14.449
1906,20.455
1906,22.826
1906,16.801
1906,9.995
1906,23.482
1906,17.985
1906,14.63
1906,16.667
1906,14.171
1906,20.115
1906,4.805
1906,22.107
1906,21.122
1906,10.484
1906,21.028
1906,24.457
1906,.901
1906,13.83
1906,23.345
1906,22.222
1906,7.865
1906,14.798
1906,11.586
1906,7.297
1906,21.556
1906,18.386
1906,23.062
1906,12.15
1906,24.247
1906,18.531
1906,4.94
1906,7.663
1906,16.426
1906,24.479
1906,22.59
1906,18.189
1906,15.602
1906,11.04
1906,12.916
1906,6.992
1906,24.479
1906,8.609
1906,12.152
1906,21.572
1906,17.926
1906,-1.603
1906,23.231
1906,10.257
1906,20.194
1906,16.312
1906,17.127
1906,20.66
1909,12.165
1909,18.478
1909,7.892
1909,8.645
1909,17.342
1909,8.357
1909,13.907
1909,23.096
1909,7.539
1909,23.286
1909,14.593
1909,22.053
1909,12.5
1909,23.93
1909,4.605
1909,15.322
1909,5.69
1909,18.638
1909,17.06
1909,19.385
1909,17.416
1909,20.664
1909,22.585
1909,16
1909,7.327
1909,12.279
1909,8.132
1909,4.967
1942,16.387
1942,24.993
1942,21.084
1942,22.337
1942,12.398
1942,24.041
1942,23.856
1942,20.514
1942,23.023
1942,11.015
1942,15.63
1942,23.613
1942,16.903
1942,13.926
1942,17.344
1942,20.979
1942,11.204
1942,22.116
1942,9.468
1942,18.211
1942,22.681
1942,21.991
1942,14.13
1942,20.088
1942,24.479
1942,22.288
1942,3.209
1942,14.702
1942,12.606
1946,24.993
1946,9.154
1946,19.017
1946,21.062
1946,18.04
1946,11.075
1946,7.84
1946,22.326
1946,1.755
1946,7.341
1946,23.834
1946,4.784
1946,8.755
1946,7.833
1946,11.71
1946,22.986
1946,16.863
1946,2.913
1946,21.883
1946,6.358
1946,7.938
1946,7.937
1946,22.254
1946,8.375
1946,18.362
1946,12.624
1946,14.393
1946,19.117
1946,22.354
1946,17.672
1946,3.605
1946,7.778
1946,14.635
1946,10.79
1946,6.149
1946,4.468
1946,3.209
1946,11.625
1946,19.622
2030,16.028
2030,12.927
2030,9.733
2030,20.932
2030,7.054
2030,4.461
2030,18.399
2030,15.332
2030,11.536
2030,15.893
2030,5.912
2030,23.108
2030,5.129
2030,9.32
2030,8.255
2030,4.756
2030,9.184
2030,6.21
2030,14.699
2030,15.463
2030,2.796
2030,15.564
2030,13.452
2030,16.257
2030,19.887
2030,11.883
2030,2.731
2030,4.696
2030,1.227
2030,15.608
2030,24.297
2030,2.625
2030,22.167
2030,10.916
2030,5.366
2030,9.004
2030,13.732
2030,19.118
2030,23.736
2030,4.328
2030,6.72
2030,12.692
2030,19.624
2030,16.604
2030,16.569
2030,11.47
2030,10.275
2208,20.633
2208,17.075
2208,5.958
2208,12.663
2208,13.684
2208,17.699
2208,16.658
2208,23.449
2208,23.822
2208,7.847
2208,18.46
2208,22.136
2208,21.007
2208,23.141
2208,7.237
2208,22.057
2208,4.206
2208,17.56
2208,12.281
2208,17.706
2208,20.026
2208,21.744
2208,17.163
2208,11.373
2208,6.795
2208,23.159
2208,14.315
2208,3.51
2208,10.983
2208,13.021
2208,7.956
2208,8.782
2208,7.155
2208,17.536
2208,4.786
2208,14.15
2208,19.604
2208,16.841
2208,17.839
2208,6.078
2208,11.21
2208,12.497
2208,23.529
2208,18.196
2208,16.353
2208,20.628
2208,24.707
2208,21.009
2208,21.89
2208,22.16
2208,8.438
2208,9.796
2208,23.955
2208,16.76
2208,16.302
2208,19.196
2208,11.457
2208,20.3
2208,14.845
2208,2.957
2277,3.472
2277,4.261
2277,6.328
2277,10.308
2277,4.097
2277,10.24
2277,8.089
2277,6.932
2277,20.906
2277,3.522
2277,13.643
2277,12.865
2277,8.642
2277,5.252
2277,15.778
2277,10.371
2277,3.235
2277,4.782
2277,3.677
2277,18.532
2277,1.938
2277,8.293
2277,12.412
2277,16.13
2277,2.891
2277,6.701
2277,12.075
2277,10.425
2277,12.573
2277,9.146
2277,4.559
2277,2.38
2277,8.309
2277,6.061
2277,6.098
2277,16.248
2277,2.462
2277,4.069
2277,15.922
2277,18.118
2277,13.484
2277,4.579
2277,14.009
2277,-1.722
2277,4.322
2277,10.92
2277,5.081
2277,5.449
2277,12.725
2277,14.231
2277,8.338
2277,18.592
2277,14.476
2277,11.975
2277,10.967
2277,22.731
2277,9.048
2277,2.837
2277,21.723
2277,5.467
2277,6.18
2305,16.405
2305,12.823
2305,15.256
2305,12.746
2305,10.246
2305,8.94
2305,-1.005
2305,17.401
2305,15.192
2305,16.174
2305,12.433
2305,16.331
2305,6.51
2305,4.082
2305,6.444
2305,2.734
2305,4.005
2305,14.364
2305,5.624
2305,11.896
2305,12.313
2305,10.839
2305,12.199
2305,15.062
2305,11.356
2305,6.292
2305,7.141
2305,10.168
2305,10.567
2305,12.356
2305,5.074
2305,10.581
2305,13.882
2305,2.095
2305,15.898
2305,14.09
2305,11.01
2305,6.407
2305,2.079
2305,13.632
2305,15.303
2305,10.264
2305,10.004
2305,15.857
2305,18.534
2305,10.927
2305,9.318
2305,9.917
2305,6.727
2305,14.901
2305,13.344
2305,16.557
2305,14.038
2305,10.067
2305,10.743
2305,21.352
2305,11.658
2305,17.251
2305,16.406
2305,14.009
2305,7.594
2305,-.602
2305,-.928
2305,14.558
2305,11.596
2305,15.085
2305,20.108
2336,24.404
2336,23.744
2336,17.563
2336,23.696
2336,24.344
2336,14.767
2336,18.836
2336,4.472
2336,20.346
2336,6.92
2336,24.993
2336,20.255
2336,13.082
2336,21.774
2336,19.484
2336,8.572
2336,21.206
2336,21.218
2336,18.736
2336,9.294
2336,4.807
2336,17.54
2336,13.669
2336,20.389
2336,23.188
2336,13.853
2336,21.435
2336,11.351
2336,21.085
2336,21.185
2336,10.038
2336,17.242
2336,11.655
2336,15.076
2336,10.529
2336,10.951
2336,18.487
2336,14.499
2336,22.12
2336,12.356
2336,11.23
2336,6.902
2336,18.254
2336,22.901
2336,11.571
2336,24.993
2336,11.32
2458,21.403
2458,14.005
2458,19.153
2458,7.814
2458,9.829
2458,22.631
2458,23.044
2458,22.743
2458,17.205
2458,12.071
2458,19.161
2458,12.332
2458,22.681
2458,4.928
2458,9.142
2458,24.488
2458,13.666
2458,21.451
2458,5.52
2458,9.09
2458,21.299
2458,9.922
2458,17.666
2458,13.095
2458,8.387
2458,20.21
2458,8.056
2458,23.534
2458,15.496
2458,5.215
2458,13.879
2458,6.952
2458,11.466
2458,9.49
2458,22.466
2458,15.287
2458,5.36
2458,2.454
2458,20.689
2458,18.814
2458,16.793
2458,10.621
2458,10.138
2458,11.333
2458,10.352
2458,19.322
2458,6.451
2458,16.445
2458,13.071
2458,15.096
2458,9.018
2458,10.278
2458,11.406
2458,21.186
2458,12.293
2458,11.96
2458,9.327
2467,7.278
2467,10.811
2467,10.838
2467,15.614
2467,.462
2467,23.126
2467,.436
2467,20.276
2467,11.854
2467,11.796
2467,6.681
2467,14.965
2467,19.048
2467,-.15
2467,5.794
2467,7.854
2467,13.718
2467,5.509
2467,23.294
2467,-2.422
2467,17.691
2467,3.031
2467,9.067
2467,17.59
2467,16.866
2467,2.851
2467,7.268
2467,14.486
2467,24.012
2467,7.056
2467,12.031
2467,7.003
2467,7.262
2467,14.525
2467,4.076
2467,5.191
2467,16.51
2467,17.246
2467,3.678
2467,.861
2467,-.26
2467,14.484
2467,10.623
2467,2.669
2467,18.706
2467,9.273
2467,19.114
2467,8.125
2467,6.415
2467,13.456
2467,4.667
2467,5.316
2526,19.112
2526,16.9
2526,19.698
2526,17.776
2526,20.733
2526,10.941
2526,18.86
2526,18.392
2526,12.087
2526,16.605
2526,12.09
2526,24.993
2526,21.453
2526,17.178
2526,19.963
2526,16.036
2526,18.227
2526,22.412
2526,17.262
2526,12.712
2526,22.841
2526,22.437
2526,17.212
2526,11.594
2526,17.008
2526,13.369
2526,19.47
2526,17.064
2526,21.537
2526,11.453
2526,12.838
2526,10.81
2526,16.602
2526,22.387
2526,9.628
2526,14.569
2526,22.381
2526,17.491
2526,20.592
2526,11.739
2526,19.698
2526,15.184
2526,18.236
2526,2.81
2526,23.59
2526,24.247
2526,22.039
2526,22.541
2526,12.738
2526,18.77
2526,9.843
2526,11.436
2526,12.841
2526,22.354
2526,20.372
2526,7.359
2526,21.511
2626,11.331
2626,18.24
2626,6.624
2626,12.141
2626,15.039
2626,14.276
2626,24.993
2626,21.004
2626,7.775
2626,9.463
2626,10.274
2626,17.489
2626,10.35
2626,23.7
2626,-2.544
2626,11.136
2626,9.414
2626,18.085
2626,15.991
2626,10.53
2626,11.221
2626,24.812
2626,13.897
2626,2.57
2626,10.167
2626,15.783
2626,15.397
2626,17.411
2626,6.759
2626,17.917
2626,6.745
2626,15.246
2626,7.693
2626,18.336
2626,7.089
2626,8.64
2626,21.656
2626,22.421
2629,18.301
2629,16.488
2629,11.437
2629,19.78
2629,19.628
2629,21.665
2629,10.63
2629,16.231
2629,20.891
2629,2.882
2629,10.861
2629,14.691
2629,12.327
2629,3.599
2629,23.792
2629,15.18
2629,21.592
2629,19.242
2629,14.189
2629,12.134
2629,13.097
2629,13.913
2629,11.437
2629,11.116
2629,19.111
2629,9.026
2629,11.476
2629,19.188
2629,22.354
2629,4.099
2629,22.507
2629,21.076
2629,9.696
2629,11.684
2629,5.547
2629,16.089
2629,22.193
2629,13.635
2629,16.748
2629,14.209
2629,19.688
2629,18.323
2629,11.32
2629,15.967
2629,17.776
2629,7.213
2629,15.864
2629,16.306
2629,6.611
2629,14.444
2629,14.218
2629,10.781
2629,13.667
2629,19.931
2629,13.217
2629,17.705
2629,22.971
2639,10.647
2639,4.819
2639,3.139
2639,5.241
2639,17.968
2639,1.02
2639,2.908
2639,2.006
2639,3.757
2639,2.776
2639,16.579
2639,5.147
2639,23.056
2639,2.212
2639,6.535
2639,10.127
2639,4.773
2639,2.132
2639,10.793
2639,8.065
2639,-1.482
2639,6.597
2639,9.631
2639,2.227
2639,4.676
2639,-.831
2639,4.897
2639,6.166
2639,3.861
2639,11.041
2639,-1.892
2639,2.699
2639,13.295
2639,-.763
2639,13.807
2639,3.089
2639,20.618
2639,8.978
2639,6.208
2639,11.076
2639,.42
2639,9.832
2651,9.962
2651,8.016
2651,12.146
2651,20.648
2651,9.011
2651,12.2
2651,16.845
2651,15.189
2651,5.889
2651,7.195
2651,4.706
2651,12.156
2651,11.076
2651,3.992
2651,17.492
2651,22.492
2651,2.255
2651,6.873
2651,8.364
2651,22.245
2651,16.992
2651,23.992
2651,8.1
2651,14.937
2651,10.816
2651,-1.923
2651,13.972
2651,18.038
2651,21.981
2651,12.432
2651,13.055
2651,-.687
2651,4.97
2651,2.983
2651,8.997
2651,20.663
2651,5.678
2651,-2.544
2655,15.129
2655,7.248
2655,7.582
2655,10.892
2655,19.962
2655,22.18
2655,6.248
2655,5.108
2655,4.976
2655,13.933
2655,17.89
2655,5.999
2655,8.547
2655,12.407
2655,14.811
2655,15.9
2655,12.09
2655,3.715
2655,21.934
2655,16.625
2655,12.526
2655,4.066
2655,14.117
2655,3.28
2655,20.533
2655,13.168
2655,14.41
2655,14.318
2655,-1.725
2655,-.625
2655,14.746
2655,16.068
2655,19.514
2655,1.27
2655,22.559
2655,17.231
2655,11.087
2655,18.557
2655,14.52
2655,15.01
2655,12.504
2655,4.541
2655,7.949
2655,16.614
2655,7.448
2655,8.571
2655,4.961
2655,15.57
2655,17.205
2655,20.854
2655,14.665
2655,23.261
2658,7.02
2658,11.371
2658,9.459
2658,12.779
2658,5.368
2658,19.28
2658,12.86
2658,23.447
2658,7.98
2658,14.366
2658,12.164
2658,16.154
2658,13.662
2658,22.388
2658,18.324
2658,10.639
2658,4.616
2658,13.242
2658,15.631
2658,13.355
2658,18.233
2658,22.924
2658,13.33
2658,16.226
2658,9.418
2658,3.291
2658,12.612
2658,16.533
2658,16.172
2658,16.757
2658,18.079
2658,13.816
2658,-.929
2658,-.279
2658,18.037
2658,18.19
2658,13.081
2658,11.027
2658,5.77
2658,10.72
2658,13.466
2658,15.498
2658,19.082
2658,16.587
2658,21.081
2755,18.264
2755,9.891
2755,13.237
2755,23.665
2755,7.236
2755,12.625
2755,22.643
2755,17.796
2755,15.684
2755,14.642
2755,23.785
2755,10.989
2755,7.124
2755,20.627
2755,9.433
2755,12.083
2755,11.374
2755,23.108
2755,22.295
2755,9.947
2755,20.438
2755,14.17
2755,18.734
2755,17.499
2755,20.124
2755,20.3
2755,20.929
2755,5.869
2755,22.428
2755,21.614
2755,20.021
2755,17.117
2755,17.988
2755,3.111
2755,19.737
2755,20.136
2755,21.14
2755,8.448
2755,15.941
2755,22.694
2755,14.546
2755,22.167
2755,21.738
2755,24.479
2755,8.879
2755,24.993
2755,2.708
2768,1.467
2768,5.666
2768,6.49
2768,14.487
2768,19.67
2768,10.159
2768,17.824
2768,5.853
2768,2.482
2768,20.586
2768,3.358
2768,17.956
2768,6.012
2768,4.097
2768,11.419
2768,19.581
2768,10.447
2768,3.835
2768,8.735
2768,24.812
2768,2.542
2768,22.038
2768,12.812
2768,2.531
2768,17.314
2771,6.629
2771,11.07
2771,10.93
2771,6.584
2771,9.528
2771,6.966
2771,17.129
2771,12.749
2771,13.353
2771,23.217
2771,18.901
2771,10.738
2771,11.93
2771,10.896
2771,6.324
2771,24.993
2771,6.759
2771,4.494
2771,11.226
2771,.488
2771,22.896
2771,21.657
2771,12.176
2771,21.071
2771,-2.832
2771,7.558
2771,18.739
2771,5.744
2771,7.68
2771,14.324
2771,8.252
2771,18.192
2771,19.244
2771,17.634
2771,4.988
2771,8.923
2771,10.187
2771,9.595
2771,6.086
2771,22.886
2771,1.317
2771,14.66
2771,17.606
2771,13.495
2771,7.267
2771,7.952
2771,14.442
2771,10.2
2771,9.589
2771,21.02
2771,-.809
2771,8.321
2771,20.884
2771,23.623
2771,1.955
2818,17.432
2818,21.255
2818,16.656
2818,17.465
2818,14.834
2818,16.251
2818,10.226
2818,8.355
2818,5.834
2818,21.605
2818,22.483
2818,8.127
2818,21.059
2818,5.849
2818,11.555
2818,17.703
2818,13.528
2818,18.498
2818,12.654
2818,12.472
2818,8.635
2818,16.931
2818,19.715
2818,21.739
2818,11.127
2818,6.522
2818,10.707
2818,12.557
2818,19.676
2818,16.733
2818,19.715
2818,8.775
2818,21.085
2818,7.576
2818,14.698
2818,7.645
2818,17.883
2818,2.991
2818,6.464
2818,5.608
2818,14.189
2818,17.847
2917,11.57
2917,1.536
2917,4.925
2917,13.57
2917,13.604
2917,17.634
2917,-1.423
2917,4.064
2917,21.499
2917,4.289
2917,5.852
2917,4.098
2917,1.624
2917,3.489
2917,11.744
2917,.609
2917,18.137
2917,-1.732
2917,14.873
2917,6.258
2917,-.576
2917,4.627
2917,.384
2917,10.342
2917,.239
2917,24.247
2917,10.428
2917,14.199
2917,17.695
2917,15.034
2917,14.447
2917,.578
2917,5.163
2917,.426
2917,13.096
2917,18.929
2917,16.19
2917,6.245
2917,5.514
2917,.936
2917,5.898
2917,2.191
2917,.643
2990,21.791
2990,21.14
2990,22.418
2990,20.752
2990,23.029
2990,13.969
2990,24.993
2990,19.192
2990,22.639
2990,15.507
2990,20.192
2990,24.401
2990,17.099
2990,22.016
2990,24.401
2990,15.119
2990,13.823
2990,21.02
2990,16.93
2990,20.249
2990,21.345
2990,16.162
2990,16.317
2990,22.845
2990,19.29
2990,24.479
2990,11.616
2990,18.008
2990,19.12
2990,19.689
2990,23.002
2990,18.86
2990,16.825
2990,22.219
2990,18.092
2990,17.209
2990,9.139
2990,18.608
2990,20.577
2990,13.859
2990,20.682
2990,17.246
2990,9.574
2990,6.315
2990,17.979
2990,21.396
2990,10.175
2990,14.192
2995,16.13
2995,3.507
2995,13.641
2995,9.476
2995,13.207
2995,16.358
2995,24.107
2995,7.63
2995,17.47
2995,7.089
2995,3.493
2995,4.933
2995,7.756
2995,4.244
2995,17.727
2995,3.066
2995,22.835
2995,.635
2995,8.297
2995,14.608
2995,7.128
2995,15.14
2995,2.776
2995,12.825
2995,2.98
2995,19.253
2995,-.535
2995,21.935
2995,10.96
2995,1.31
2995,.431
2995,14.888
2995,9.699
2995,-.836
2995,8.533
2995,.495
2995,8.144
2995,6.445
2995,19.705
2995,9.527
2995,-1.009
2995,13.142
2995,18.421
2995,20.998
2995,1.568
2995,-1.011
3013,22.221
3013,21.474
3013,.495
3013,1.263
3013,17.047
3013,13.695
3013,20.64
3013,20.633
3013,20.317
3013,7.119
3013,9.408
3013,17.372
3013,13.491
3013,17.485
3013,21.485
3013,11.153
3013,12.377
3013,3.18
3013,10.309
3013,16.722
3013,5.696
3013,17.717
3013,20.159
3013,8.732
3013,-1.1
3013,10.899
3013,8.613
3013,15.741
3013,16.495
3013,5.531
3013,22.377
3013,7.008
3013,5.229
3013,12.215
3013,14.92
3013,13.009
3013,-.008
3013,15.898
3013,6.993
3013,7.7
3013,6.428
3013,12.867
3013,20.811
3013,5.783
3013,18.846
3013,2.285
3013,16.208
3013,22.311
3013,-1.215
3013,19.696
3013,22.854
3013,15.408
3013,14.382
3020,5.137
3020,9.819
3020,20.025
3020,22.012
3020,16.083
3020,21.474
3020,17.756
3020,19.702
3020,11.789
3020,7.395
3020,12.158
3020,11.461
3020,4.094
3020,10.755
3020,21.164
3020,15.936
3020,14.254
3020,14.128
3020,16.42
3020,17.291
3020,22.245
3020,24.319
3020,24.993
3020,22.781
3020,16.205
3020,16.67
3020,14.069
3020,17.839
3020,-2.528
3020,13.555
3020,21.011
3020,8.057
3020,17.393
3020,14.94
3020,11.591
3020,8.656
3020,3.571
3020,10.857
3020,6.151
3020,13.335
3020,21.468
3020,3.617
3020,22.151
3020,17.699
3020,18.828
3020,17.757
3020,10.247
3020,20.066
3020,19.287
3020,17.706
3020,13.261
3020,9.664
3020,18.686
3020,-.451
3020,20.069
3020,17.39
3020,13.656
3020,2.172
3020,11.485
3039,22.522
3039,16.08
3039,21.175
3039,22.989
3039,10.546
3039,16.267
3039,4.395
3039,15.792
3039,20.051
3039,18.331
3039,20.458
3039,12.246
3039,7.748
3039,24.812
3039,17.491
3039,19.167
3039,20.082
3039,14.116
3039,17.908
3039,23.09
3039,10.975
3088,13.758
3088,22.091
3088,4.23
3088,15.095
3088,11.913
3088,10.447
3088,.363
3088,11.141
3088,8.298
3088,2.38
3088,4.838
3088,4.5
3088,14.97
3088,4.896
3088,12.177
3088,14.987
3088,1.314
3088,4.007
3088,17.404
3088,17.599
3088,8.139
3088,3.242
3088,.036
3088,2.211
3088,5.27
3088,7.731
3088,6.953
3088,4.635
3088,18.384
3088,6.92
3088,4.828
3088,16.941
3088,8.339
3088,4.784
3088,19.106
3088,8.896
3088,3.027
3088,14.065
3088,16.773
3152,12.032
3152,16.855
3152,8.486
3152,5.826
3152,12.818
3152,24.993
3152,23.08
3152,13.592
3152,14.926
3152,17.58
3152,13.564
3152,24.993
3152,8.789
3152,23.127
3152,12.714
3152,18.934
3152,6.466
3152,18.051
3152,22.254
3152,13.128
3152,23.818
3152,1.439
3152,5.576
3152,19.71
3152,-2.094
3152,2.986
3152,22.553
3152,1.791
3152,19.482
3152,2.982
3152,14.932
3152,8.491
3152,22.344
3152,20.36
3152,15.751
3152,19.572
3152,6.251
3152,10.161
3152,20.953
3152,7.024
3152,12.152
3152,16.213
3152,9.781
3152,-2.5
3152,14.184
3152,-1.237
3152,15.562
3152,9.519
3152,7.537
3152,12.144
3152,18.943
3152,18.282
3332,11.922
3332,16.781
3332,22.317
3332,23.054
3332,.996
3332,13.306
3332,21.848
3332,2.204
3332,12.782
3332,16.163
3332,15.93
3332,19.805
3332,23.054
3332,22.661
3332,11.461
3332,6.246
3332,24.993
3332,14.997
3332,13.567
3332,22.856
3332,10.06
3332,5.719
3332,7.341
3332,17.632
3332,15.569
3332,7.554
3332,16.206
3332,9.355
3332,11.531
3332,7.41
3332,23.619
3332,10.749
3332,18.119
3332,22.896
3332,3.628
3332,13.063
3332,13.033
3332,12.143
3351,8.879
3351,6.98
3351,6.652
3351,4.361
3351,3.377
3351,13.294
3351,4.388
3351,4.972
3351,17.262
3351,16.297
3351,12.815
3351,13.233
3351,24.301
3351,-.417
3351,13.276
3351,5.305
3351,2.781
3351,13.188
3351,14.7
3351,21.054
3351,12.381
3351,22.616
3351,5.453
3351,6.41
3351,14.87
3351,15.227
3351,-.598
3351,17.06
3351,22.697
3351,11.147
3351,17.175
3351,12.905
3351,14.594
3351,24.993
3351,-1.095
3351,5.637
3351,20.708
3351,10.064
3351,8.2
3377,14.34
3377,5.271
3377,6.933
3377,13.531
3377,2.697
3377,12.221
3377,16.269
3377,.155
3377,18.275
3377,2.066
3377,7.783
3377,8.285
3377,7.378
3377,5.227
3377,3.486
3377,8.869
3377,15.436
3377,-2.832
3377,3.079
3377,6.659
3377,21.669
3377,19.026
3377,2.322
3377,12.873
3377,10.538
3377,7.441
3377,9.481
3377,23.116
3377,1.155
3377,20.537
3377,5.404
3377,-.704
3377,19.052
3377,16.637
3377,14.117
3377,.114
3377,14.413
3377,4.82
3377,5.888
3377,17.617
3377,-.227
3377,3.833
3377,10.298
3377,-.009
3377,18.863
3427,13.874
3427,13.824
3427,19.372
3427,21.296
3427,24.107
3427,20.232
3427,24.401
3427,15.381
3427,22.779
3427,13.774
3427,18.072
3427,15.127
3427,23.163
3427,18.013
3427,16.703
3427,19.561
3427,22.245
3427,21.508
3427,15.642
3427,22.667
3427,20.877
3427,22.273
3427,21.828
3427,24.993
3427,16.374
3427,16.622
3427,13.571
3427,18.049
3427,20.784
3427,16.641
3427,17.28
3427,21.872
3427,24.812
3427,22.801
3427,20.961
3427,20.786
3427,20.621
3427,21.444
3427,20.319
3427,21.038
3427,19.8
3427,23.817
3427,23.83
3427,23.09
3427,19.606
3427,21.378
3427,12.046
3427,24.147
3427,12.663
3498,4.259
3498,14.653
3498,3.243
3498,13.372
3498,14.035
3498,16.807
3498,20.251
3498,19.222
3498,18.402
3498,13.488
3498,21.797
3498,13.707
3498,3.213
3498,19.8
3498,14.261
3498,4.845
3498,13.094
3498,21.444
3498,21.035
3498,10.276
3498,19.268
3498,21.366
3498,20.514
3498,15.495
3498,19.987
3498,24.076
3498,19.707
3498,15.019
3498,18.704
3498,20.707
3498,17.769
3498,12.357
3498,21.051
3498,18.28
3498,21.539
3498,17.922
3498,20.064
3498,19.083
3498,16.85
3498,17.581
3498,10.937
3498,14.755
3498,11.785
3498,16.289
3498,19.958
3498,19.68
3498,15.517
3498,16.848
3498,18.808
3498,21.688
3498,16.686
3498,7.007
3498,20.193
3499,15.165
3499,10.491
3499,7.605
3499,17.419
3499,23.294
3499,20.432
3499,14.298
3499,14.418
3499,22.418
3499,10.986
3499,13.816
3499,7.846
3499,4.769
3499,12.938
3499,9.513
3499,8.87
3499,10.953
3499,16.741
3499,19.923
3499,4.237
3499,5.813
3499,22.468
3499,19.258
3499,11.363
3499,4.487
3499,12.35
3499,17.867
3499,15.259
3499,17.932
3499,17.594
3499,19.406
3499,7.931
3499,10.527
3499,12.543
3499,4.48
3499,12.47
3499,18.148
3499,8.48
3533,1.26
3533,23.168
3533,15.237
3533,2.21
3533,11.038
3533,4.36
3533,-.06
3533,-2.142
3533,2.913
3533,2.117
3533,17.225
3533,16.494
3533,22.969
3533,9.246
3533,18.938
3533,16.73
3533,6.68
3533,2.834
3533,8.753
3533,8.167
3533,5.383
3533,.432
3533,17.449
3533,12.114
3533,16.069
3533,13.543
3533,6.913
3533,17.55
3533,-2.582
3533,-2.832
3533,4.25
3533,8.456
3533,18.417
3533,13.957
3533,4.27
3533,13.51
3533,10.121
3533,17.361
3533,21.01
3533,13.419
3533,15.733
3533,21.199
3533,9.87
3533,13.037
3533,18.261
3533,14.916
3533,4.799
3533,4.872
3610,12.164
3610,16.902
3610,14.908
3610,17.915
3610,22.713
3610,18.94
3610,14.811
3610,21.734
3610,22.293
3610,16.439
3610,17.522
3610,22.384
3610,1.443
3610,14.46
3610,24.545
3610,14.387
3610,15.053
3610,21.034
3610,4.695
3610,11.691
3610,14.63
3610,15.045
3610,16.854
3610,17.409
3610,3.005
3610,8.924
3610,23.336
3610,23.822
3610,6.207
3610,18.111
3610,22.813
3610,8.622
3610,21.31
3610,2.785
3610,14.759
3610,23.619
3610,11.267
3610,16.139
3610,14.598
3610,23.723
3610,8.565
3610,15.896
3610,9.03
3610,11.243
3610,8.633
3610,9.949
3610,20.863
3610,14.126
3610,13.942
3610,17.007
3610,18.874
3610,5.228
3610,9.993
3610,13.301
3610,16.428
3610,19.533
3610,8.92
3610,9.762
3610,22.357
3610,21.776
3610,19.899
3610,12.565
3610,22.688
3610,19.128
3657,22.04
3657,2.832
3657,21.136
3657,13.156
3657,17.508
3657,5.122
3657,7.147
3657,3.448
3657,17.736
3657,20.048
3657,3.967
3657,.93
3657,3.008
3657,11.809
3657,12.267
3657,21.082
3657,8.043
3657,8.152
3657,6.504
3657,-1.073
3657,2.984
3657,13.382
3657,2.671
3657,18.61
3657,5.528
3657,12.486
3657,1.471
3657,-1.712
3657,2.993
3657,23.205
3657,23.053
3657,3.583
3657,6.506
3657,24.993
3657,23.413
3657,8.141
3657,4.858
3657,1.912
3657,2.957
3657,16.732
3657,.008
3657,3.973
3657,11.771
3657,17.662
3657,8.464
3657,6.69
3657,15.549
3657,-1.045
3657,1.125
3657,5.891
3657,12.864
3688,11.233
3688,1.076
3688,21.734
3688,1.776
3688,7.838
3688,21.161
3688,23.363
3688,21.023
3688,24.138
3688,19.719
3688,7.043
3688,22.022
3688,18.839
3688,17.999
3688,20.358
3688,20.449
3688,5.425
3688,18.309
3688,8.156
3688,22.031
3688,14.129
3688,7.762
3688,15.969
3688,18.614
3688,6.928
3688,21.935
3688,17.308
3688,21.444
3688,19.62
3688,19.566
3688,20.677
3688,1.84
3688,11.178
3688,3.078
3688,19.906
3688,15.102
3688,10.226
3688,14.372
3688,11.252
3688,13.589
3688,14.073
3688,11.021
3688,6.938
3705,18.032
3705,3.78
3705,.583
3705,4.215
3705,10.16
3705,23.152
3705,16.286
3705,8.147
3705,4.285
3705,4.72
3705,12.963
3705,13.207
3705,8.845
3705,13.695
3705,10.921
3705,15.469
3705,15.554
3705,9.283
3705,10.957
3705,11.411
3705,16.918
3705,1.133
3705,12.889
3705,8.741
3705,.525
3705,4.054
3705,10.712
3705,16.977
3705,-1.254
3705,12.542
3705,11.598
3705,6.196
3705,13.162
3705,9.542
3705,12.647
3705,17.57
3705,-2.832
3705,17.517
3705,4.522
3705,17.241
3705,-.128
3705,20.067
3705,17.701
3705,12.223
3705,8.998
3716,23.14
3716,-2.832
3716,6.189
3716,15.271
3716,8.067
3716,13.131
3716,5.206
3716,-1.922
3716,20.271
3716,-.568
3716,23.855
3716,19.359
3716,8.052
3716,23.912
3716,9.431
3716,14.477
3716,5.902
3716,17.321
3716,-2.559
3716,19.716
3716,11.522
3716,21.964
3716,10.911
3716,1.242
3716,8.494
3716,3.115
3716,.066
3716,4.418
3716,18.031
3716,13.74
3716,4.521
3716,20.579
3716,8.494
3716,1.248
3716,1.316
3716,16.706
3716,21.512
3716,3.441
3716,22.894
3716,-.167
3716,5.649
3838,8.291
3838,22.805
3838,10.294
3838,8.57
3838,9.137
3838,10.041
3838,24.133
3838,16.83
3838,21.067
3838,10.882
3838,9.545
3838,16.25
3838,17.068
3838,11.128
3838,9.478
3838,12.112
3838,17.645
3838,9.79
3838,13.003
3838,8.949
3838,16.003
3838,23.371
3838,16.158
3838,21.923
3838,20.116
3838,23.443
3838,17.732
3838,10.112
3838,20.322
3838,13.402
3838,13.697
3838,12.424
3838,16.261
3838,20.583
3838,22.365
3838,12.05
3838,18.182
3838,20.305
3838,12.176
3838,24.623
3838,11.715
3838,12.005
3838,15.513
3838,21.2
3838,23.053
3838,22.284
3838,19.685
3838,18.325
3838,14.045
3838,22.735
3838,8.675
3838,14.401
3838,18.628
3838,22.862
3881,.785
3881,7.293
3881,2.543
3881,16.815
3881,13.392
3881,15.85
3881,10.853
3881,5.29
3881,4.723
3881,5.816
3881,4.765
3881,15.77
3881,22.835
3881,2.875
3881,11.29
3881,3.631
3881,6.215
3881,18.368
3881,14.728
3881,23.736
3881,14.77
3881,18.472
3881,19.277
3881,12.535
3881,5.924
3881,8.141
3881,19.74
3881,22.056
3881,9.178
3881,21.434
3881,13.282
3881,7.557
3881,6.373
3881,13.388
3881,19.845
3881,8.64
3881,6.098
3881,24.079
3881,14.7
3881,5.112
3881,11.744
3967,14.543
3967,13.424
3967,9.408
3967,.492
3967,9.09
3967,14.43
3967,9.086
3967,11.489
3967,10.613
3967,9.66
3967,14.805
3967,23.664
3967,10.786
3967,22.677
3967,15.041
3967,15.241
3967,12.924
3967,17.995
3967,1.918
3967,23.696
3967,21.386
3967,-.052
3967,11.376
3967,7.944
3967,9.008
3967,3.693
3967,15.008
3967,8.199
3967,.023
3967,17.075
3967,11.198
3967,19.423
3967,2.913
3967,3.197
3967,7.264
3967,16.354
3967,19.654
3967,20.518
3967,10.313
3967,2.558
3967,19.956
3967,19.138
3967,5.924
3967,3.036
3967,13.352
3967,19.056
3967,-1.476
3967,15.802
3967,5.253
3967,19.612
3967,20.99
3967,17.147
3992,23.339
3992,3.158
3992,13.568
3992,8.769
3992,5.092
3992,12.847
3992,17.031
3992,4.875
3992,15.753
3992,8.693
3992,21.469
3992,22.804
3992,16.301
3992,22.708
3992,9.989
3992,16.865
3992,12.145
3992,13.835
3992,21.684
3992,14.913
3992,9.533
3992,21.605
3992,17.043
3992,19.989
3992,10.863
3992,9.947
3992,13.715
3992,18.596
3992,19.798
3992,22.906
3992,24.479
3992,-.425
3992,8.531
3992,13.492
3992,15.828
3992,14.083
3992,14.265
3992,16.165
3992,4.842
3992,16.585
3992,15.206
3992,15.102
3992,13.056
3992,17.33
3992,22.443
3992,16.921
3992,16.498
3992,16.331
3992,16.344
3992,11.747
3992,18.595
3992,10.205
3992,8.74
3999,19.007
3999,2.649
3999,-1.231
3999,12.769
3999,3.356
3999,18.256
3999,11.662
3999,22.519
3999,20.148
3999,8.878
3999,14.613
3999,2.91
3999,14.054
3999,7.24
3999,-1.775
3999,7.32
3999,18.057
3999,19.493
3999,4.178
3999,4.722
3999,-.562
3999,1.12
3999,16.955
3999,12.144
3999,10.325
3999,12.909
3999,14.807
3999,8.462
3999,5.545
3999,10.869
3999,5.376
3999,8.96
3999,10.092
3999,23.723
3999,13.259
3999,6.293
3999,22.461
3999,24.479
3999,1.505
3999,4.172
3999,21.445
3999,.976
3999,22.723
3999,-1.646
3999,20.682
3999,17.527
4042,19.706
4042,19.666
4042,18.506
4042,22.732
4042,11.429
4042,23.172
4042,18.269
4042,23.057
4042,18.577
4042,22.923
4042,14.311
4042,22.963
4042,9.212
4042,12.055
4042,15.297
4042,15.205
4042,16.001
4042,13.684
4042,24.364
4042,14.148
4042,23.468
4042,4.54
4042,20.672
4042,10.081
4042,4.65
4042,3.454
4042,14.5
4042,2.245
4042,16.003
4042,5.658
4042,6.16
4042,14.27
4042,11.843
4042,11.214
4042,14.669
4042,9.296
4042,3.457
4042,12.369
4042,18.708
4042,18.872
4042,22.676
4042,17.503
4042,20.427
4042,22.489
4042,16.375
4042,17.773
4042,12.206
4042,19.447
4042,6.24
4042,3.687
4042,11.733
4042,22.419
4042,5.962
4042,13.91
4042,8.638
4042,3.319
4042,-.164
4042,19.429
4042,15.45
4042,12.781
4042,18.19
4042,9.948
4042,22.236
4042,12.107
4173,20.592
4173,9.83
4173,12.885
4173,6.958
4173,20.706
4173,21.58
4173,12.632
4173,18.334
4173,11.399
4173,21.323
4173,4.387
4173,12.531
4173,15.017
4173,-2.016
4173,3.355
4173,7.454
4173,19.731
4173,18.336
4173,19.589
4173,15.192
4173,10.872
4173,11.555
4173,3.316
4173,14.684
4173,7.971
4173,24.479
4173,2.429
4173,20.173
4173,9.411
4173,22.967
4173,11.126
4173,9.247
4173,10.413
4173,10.582
4173,-.203
4173,1.356
4173,10.257
4173,24.247
4173,17.737
4173,9.955
4173,8.26
4173,7.51
4173,18.328
4173,23.398
4223,19.211
4223,18.509
4223,6.193
4223,23.56
4223,18.582
4223,12.179
4223,17.343
4223,13.119
4223,19.125
4223,22.318
4223,21.978
4223,4.427
4223,14.98
4223,15.522
4223,21.606
4223,3.034
4223,13.444
4223,22.947
4223,18.891
4223,18.228
4223,17.984
4223,20.375
4223,5.758
4223,21.813
4223,6.129
4223,18.234
4223,1.5
4223,17.309
4223,4.578
4223,15.275
4223,21.95
4223,12.957
4223,13.734
4223,4.858
4223,13.853
4223,19.254
4223,5.684
4223,8.636
4223,12.071
4223,12.1
4223,5.662
4223,10.779
4223,20.005
4223,23.814
4223,18.51
4253,10.703
4253,14.47
4253,12.769
4253,4.89
4253,8.439
4253,2.47
4253,1.129
4253,14.495
4253,16.063
4253,.28
4253,.179
4253,-1.853
4253,14.934
4253,10.809
4253,12.809
4253,1.813
4253,5.023
4253,6.045
4253,14.992
4253,8.663
4253,8.511
4253,13.88
4253,9.871
4253,11.868
4253,8.168
4253,.772
4253,11.785
4253,2.51
4253,7.289
4253,6.549
4253,1.012
4253,5.009
4253,11.698
4253,16.339
4253,3.907
4253,7.424
4253,11.02
4253,12.782
4253,8.854
4253,7.538
4253,20.468
4253,16.209
4253,16.654
4253,2.69
4253,3.023
4253,6.207
4253,23.239
4253,11.969
4253,12.017
4253,13.47
4253,14.526
4253,6.848
4253,18.808
4253,9.751
4253,7.957
4253,17.519
4253,13.102
4253,5.581
4292,2.057
4292,9.255
4292,3.248
4292,21.754
4292,18.5
4292,18.416
4292,13.502
4292,15.362
4292,13.331
4292,5.427
4292,20.972
4292,5.216
4292,2.826
4292,12.165
4292,11.934
4292,3.42
4292,8.694
4292,8.489
4292,-.287
4292,7.482
4292,10.169
4292,7.167
4292,19.79
4292,12.801
4292,18.781
4292,15.051
4292,11.824
4292,5.698
4292,21.605
4292,9.792
4292,9.609
4292,21.272
4292,15.665
4292,16.638
4292,12.514
4292,18.022
4292,6.703
4292,12.956
4292,14.3
4292,12.001
4292,2.911
4292,3.931
4292,4.95
4292,9.975
4292,2.985
4292,21.536
4292,23.619
4292,15.164
4292,23.619
4292,16.278
4292,18.318
4292,7.128
4292,17.088
4292,18.042
4292,16.442
4292,14.241
4292,7.821
4292,12.431
4292,17.378
4292,17.294
4292,18.504
4292,19.03
4292,21.19
4292,20.588
4292,11.599
4325,16.421
4325,22.56
4325,11.659
4325,8.001
4325,13.608
4325,7.514
4325,18.049
4325,11.182
4325,20.717
4325,6.946
4325,3.552
4325,11.735
4325,4.101
4325,20.658
4325,14.194
4325,19.443
4325,22.127
4325,16.549
4325,15.476
4325,10.211
4325,18.792
4325,15.441
4325,19.082
4325,14.259
4325,4.073
4325,8.804
4325,12.982
4325,7.484
4325,4.23
4325,13.112
4325,17.931
4325,22.783
4325,10.386
4325,7.039
4325,17.359
4325,15.902
4325,7.128
4325,7.306
4325,3.923
4325,24.479
4325,8.938
4325,18.002
4325,22.055
4325,15.924
4325,9.116
4325,19.25
4325,19.521
4325,12.76
4325,21.318
4325,6.333
4325,3.723
4325,8.43
4325,9.152
4350,21.564
4350,-2.832
4350,7.756
4350,8.807
4350,12.253
4350,3.484
4350,8.889
4350,3.342
4350,11.597
4350,17.874
4350,-.818
4350,20.141
4350,14.1
4350,16.447
4350,19.751
4350,5.941
4350,6.289
4350,13.092
4350,14.518
4350,-2.535
4350,11.751
4350,18.359
4350,15.033
4350,5.005
4350,16.846
4350,2.827
4350,13.146
4350,23.231
4350,12.753
4350,17.394
4350,22.285
4350,19.52
4350,13.419
4383,1.886
4383,1.13
4383,2.49
4383,17.506
4383,6.219
4383,5.176
4383,5.334
4383,13.031
4383,20.272
4383,19.755
4383,10.994
4383,20.631
4383,7.042
4383,2.871
4383,13.21
4383,15.452
4383,8.624
4383,5.946
4383,16.158
4383,18.708
4383,19.133
4383,-2.832
4383,21.254
4383,18.865
4383,17.787
4410,6.356
4410,17.041
4410,13.708
4410,15.79
4410,19.224
4410,11.45
4410,19.194
4410,3.489
4410,10.516
4410,10.971
4410,14.641
4410,8.512
4410,21.487
4410,11.464
4410,18.873
4410,17.84
4410,5.662
4410,14.814
4410,6.653
4410,20.237
4410,23.498
4410,7.29
4410,16.285
4410,12.081
4410,17.005
4410,1.568
4410,17.306
4410,18.886
4410,18.026
4410,2.336
4410,22.255
4410,22.194
4410,8.286
4410,6.426
4410,7.177
4410,3.479
4410,16.684
4410,20.663
4410,8.49
4410,18.442
4410,16.093
4420,24.457
4420,11.877
4420,19.046
4420,13.848
4420,23.558
4420,18.191
4420,17.118
4420,12.309
4420,22.916
4420,5.982
4420,8.721
4420,1.878
4420,7.509
4420,11.036
4420,11.738
4420,12.14
4420,16.752
4420,4.298
4420,18.057
4420,8.733
4420,15.1
4420,20.974
4420,4.123
4420,20.612
4420,4.935
4420,16.07
4420,6.341
4420,21.795
4420,16.076
4420,17.306
4420,6.972
4420,23.505
4458,5.272
4458,15.397
4458,2.929
4458,7.304
4458,9.123
4458,2.88
4458,4.588
4458,.33
4458,6.796
4458,5.843
4458,4.641
4458,9.454
4458,8.496
4458,4.532
4458,1.698
4458,5.397
4458,5.983
4458,1.832
4458,1.343
4458,12.206
4458,11.123
4458,-1.334
4458,6.545
4458,4.63
4458,3.876
4458,10.671
4458,2.077
4458,1.927
4458,-1.506
4458,7.628
4458,2.109
4458,4.233
4458,18.781
4458,7.723
4458,1.78
4458,6.682
4458,15.474
4458,8.918
4458,11.436
4458,9.108
4458,8.117
4458,.397
4458,5.229
4458,4.24
4458,2.356
4458,5.634
4458,-2.632
4458,7.681
4511,14.186
4511,4.324
4511,8.64
4511,9.783
4511,7.459
4511,18.342
4511,6.701
4511,11.062
4511,15.35
4511,2.444
4511,13.563
4511,9.272
4511,12.184
4511,15.55
4511,18.632
4511,5.627
4511,13.397
4511,20.318
4511,12.396
4511,7.802
4511,22.94
4511,14.742
4511,12.872
4511,23.04
4511,20.487
4511,9.253
4511,10.871
4511,6.221
4511,9.341
4511,7.035
4511,16.808
4511,20.566
4511,15.291
4511,13.565
4511,21.006
4511,4.588
4511,19.995
4511,17.82
4511,5.894
4511,4.576
4511,5.762
4511,18.571
4511,16.607
4511,8.366
4511,7.184
4511,18.042
4511,5.613
4511,22.601
4511,19.888
4511,15.456
4511,9.142
4511,19.91
4511,7.447
4511,21.481
4511,18.069
4511,20.405
4511,16.241
4511,22.996
4523,16.093
4523,10.18
4523,9.647
4523,1.059
4523,4.145
4523,12.17
4523,8.26
4523,5.454
4523,6.857
4523,11.914
4523,4.454
4523,7.451
4523,22.523
4523,4.241
4523,12.68
4523,12.383
4523,7.452
4523,12.324
4523,-.912
4523,11.535
4523,17.602
4523,7.204
4523,-.672
4523,17.448
4523,6.57
4523,11.104
4523,11.583
4523,8.327
4523,-2.282
4523,10.045
4523,10.469
4523,3.964
4523,3.565
4523,16.474
4523,4.468
4523,14.27
4523,8.159
4523,-2.426
4523,2.777
4523,.424
4523,9.219
4523,12.471
4523,6.646
4523,3.483
4523,12.079
4523,13.766
4523,5.885
4530,5.026
4530,.073
4530,9.916
4530,15.939
4530,15.201
4530,8.254
4530,5.209
4530,3.556
4530,15.025
4530,4.564
4530,5.922
4530,14.602
4530,.595
4530,6.585
4530,6.295
4530,6.649
4530,20.479
4530,14.939
4530,9.801
4530,11.841
4530,3.968
4530,12.961
4530,8.898
4530,18.776
4530,18.013
4530,9.58
4530,1.155
4530,16.785
4530,9.497
4530,4.219
4530,3.131
4530,7
4530,15.256
4530,9.659
4530,11.162
4530,-1.671
4530,4.4
4530,6.276
4530,10.821
4530,9.666
4530,4.264
4530,15.636
4530,12.453
4530,14.873
4530,22.943
4530,14.424
4530,6.911
4530,17.45
4530,2.237
4530,16.717
4530,5.564
4530,7.252
4530,5.147
4530,-.762
4530,10.257
4530,3.97
4530,8.248
4530,1.747
4530,5.436
4530,7.304
4530,10.133
4530,8.472
4530,9.81
4642,22.518
4642,14.419
4642,23.69
4642,14.309
4642,10.88
4642,8.109
4642,13.698
4642,16.36
4642,21.609
4642,15.937
4642,24.138
4642,22.613
4642,11.176
4642,15.103
4642,23.89
4642,17.467
4642,20.293
4642,12.052
4642,12.094
4642,8.107
4642,11.605
4642,6.734
4642,17.102
4642,7.701
4642,11.134
4642,20.986
4642,10.124
4642,8.178
4642,-.365
4642,24.993
4642,16.606
4642,19.103
4642,9.03
4642,19.141
4642,7.071
4642,24.421
4642,9.223
4642,6.88
4642,10.252
4642,11.86
4642,3.085
4642,16.919
4642,18.829
4642,8.644
4642,19.521
4642,15.12
4642,23.238
4642,5.507
4642,14.832
4642,8.738
4642,17.326
4642,3.812
4642,19.685
4642,20.136
4642,9.209
4642,16.225
4642,18.846
4642,22.07
4642,15.776
4642,14.918
4642,17.864
4868,18.308
4868,6.968
4868,19.078
4868,10.261
4868,13.335
4868,8.91
4868,10.724
4868,12.68
4868,17.77
4868,16.411
4868,12.298
4868,13.816
4868,15.524
4868,15.352
4868,16.163
4868,16.413
4868,8.425
4868,8.874
4868,20.69
4868,18.53
4868,7.358
4868,12.694
4868,18.399
4868,13.879
4868,18.479
4868,4.102
4868,9.101
4868,10.405
4868,14.209
4868,-1.607
4868,9.368
4868,.098
4868,5.071
4868,16.46
4931,11.731
4931,19.996
4931,13.938
4931,12.188
4931,7.914
4931,17.168
4931,23.528
4931,23.878
4931,20.876
4931,5.982
4931,9.801
4931,23.023
4931,8.075
4931,13.499
4931,9.112
4931,18.617
4931,11.966
4931,5.592
4931,21.358
4931,9.792
4931,10.018
4931,12.89
4931,21.037
4931,16.75
4931,12.406
4931,22.432
4931,14.492
4931,10.421
4931,15.168
4931,4.447
4931,10.62
4931,11.435
4931,18.775
4931,12.858
4931,3.033
4931,21.534
4931,22.846
4931,12.577
4931,13.272
4931,12.773
4931,15.267
4931,19.21
4931,15.758
4931,8.39
4931,8.463
4931,11.085
4931,12.201
4931,17.529
4931,9.183
4931,15.265
4931,9.276
4931,20.194
4931,7.125
4931,7.555
4931,17.332
4931,7.85
4931,16.616
4931,13.75
5192,2.35
5192,2.839
5192,4.057
5192,3.418
5192,17.088
5192,15.389
5192,10.63
5192,6.166
5192,5.043
5192,17.913
5192,15.054
5192,17.072
5192,19.141
5192,-.576
5192,4.88
5192,5.137
5192,4.311
5192,13.482
5192,.313
5192,17.158
5192,15.37
5192,10.721
5192,22.451
5192,19.575
5192,21.91
5192,10.97
5192,3.943
5192,5.661
5404,24.993
5404,5.868
5404,15.281
5404,13.555
5404,15.762
5404,20.144
5404,16.423
5404,4.072
5404,16.985
5404,7.204
5404,20.379
5404,24.095
5404,11.046
5404,21.524
5404,17.537
5404,11.833
5404,19.467
5404,3.552
5404,19.425
5404,17.994
5404,19.859
5404,15.497
5404,24.138
5404,14.573
5404,4.096
5404,8.47
5404,20.776
5404,9.106
5404,10.713
5404,10.817
5404,20.794
5404,7.128
5404,22.896
5404,16.895
5404,8.215
5404,4.837
5404,16.713
5404,14.106
5404,13.711
5404,17.312
5404,12.411
5404,14.927
5404,18.802
5404,22.08
5404,9.395
5404,24.479
5404,9.987
5404,16.574
5404,23.81
5404,17.163
5404,21.819
5404,20.686
5404,19.015
5404,13.664
5404,23.137
5404,4.682
5404,18.232
5619,22.521
5619,24.133
5619,6.756
5619,16.338
5619,4.408
5619,6.388
5619,23.566
5619,18.315
5619,16.721
5619,24.993
5619,19.032
5619,21.031
5619,18.6
5619,21.666
5619,.452
5619,-.368
5619,17.817
5619,11.827
5619,14.457
5619,18.272
5619,12.905
5619,15.936
5619,23.746
5619,19.757
5619,18.915
5619,23.124
5619,17.193
5619,24.133
5619,16.703
5619,20.17
5619,15.977
5619,23.043
5619,22.051
5619,10.506
5619,21.451
5619,1.135
5619,18.737
5619,16.443
5619,7.751
5619,14.44
5619,1.701
5619,9.264
5619,18.749
5619,19.491
5619,17.474
5619,3.352
5619,18.116
5619,22.08
5619,3.254
5619,8.529
5619,24.247
5619,14.76
5619,24.479
5619,2.866
5619,16.236
5619,22.517
5619,11.755
5619,24.479
5619,9.939
5619,23.062
5619,9.572
5619,8.647
5619,17.795
5619,-.988
5619,16.649
5619,18.406
5640,11.876
5640,14.283
5640,3.714
5640,23.048
5640,18.066
5640,1.427
5640,7.582
5640,24.107
5640,23.424
5640,7.261
5640,.443
5640,12.338
5640,6.035
5640,10.579
5640,18.225
5640,10.193
5640,19.16
5640,9.223
5640,20.145
5640,7.131
5640,3.927
5640,16.722
5640,20.907
5640,22.406
5640,24.545
5640,21.579
5640,16.509
5640,11.534
5640,16.197
5640,22.107
5640,23.768
5640,4.037
5640,9.231
5640,8.276
5640,17.085
5640,13
5640,22.373
5640,11.281
5640,11.11
5640,2.215
5640,19.515
5640,16.212
5640,13.876
5640,.614
5640,11.116
5640,23.525
5640,8.389
5640,9.056
5640,14.699
5640,15.758
5640,.718
5640,15.058
5640,4.067
5640,11.902
5640,5.915
5640,9.314
5640,23.323
5650,22.587
5650,7.633
5650,8.49
5650,4.682
5650,14.866
5650,23.38
5650,22.067
5650,5.191
5650,4.527
5650,3.422
5650,8.034
5650,6.552
5650,12.125
5650,4.275
5650,15.026
5650,22.924
5650,13.331
5650,16.641
5650,20.907
5650,12.525
5650,10.527
5650,17.991
5650,17.392
5650,19.762
5650,13.835
5650,19.858
5650,8.526
5650,22.974
5650,16.722
5650,19.312
5650,9.117
5650,4.294
5650,8.507
5650,12.438
5650,13.508
5650,8.368
5650,10.519
5650,10.958
5650,18.266
5650,17.392
5650,23.28
5650,22.229
5650,20.789
5650,23.28
5650,23.28
5667,10.697
5667,14.909
5667,23.249
5667,15.319
5667,.258
5667,5.902
5667,23.785
5667,10.478
5667,16.752
5667,18.184
5667,6.094
5667,16.269
5667,10.989
5667,21.097
5667,23.033
5667,22.544
5667,12.413
5667,8.169
5667,10.373
5667,23.882
5667,15.745
5667,17.765
5667,15.826
5667,-2.832
5667,4.618
5667,22.889
5667,6.967
5667,17.9
5667,9.743
5667,11.893
5667,10.489
5667,13.437
5667,8.954
5667,18.773
5667,17.974
5667,18.454
5667,21.319
5667,12.882
5667,21.283
5667,17.112
5667,14.859
5667,11.141
5667,.977
5667,13.138
5667,7.965
5667,24.067
5667,15.409
5667,9.903
5667,12.336
5667,21.533
5667,11.286
5667,12.331
5667,13.813
5667,23.053
5667,5.812
5667,17.271
5667,.767
5667,4.68
5667,14.796
5667,21.514
5667,8.234
5720,19.196
5720,13.754
5720,12.43
5720,11.871
5720,13.289
5720,.829
5720,18.8
5720,13.086
5720,21.361
5720,8.259
5720,17.248
5720,9.757
5720,20.765
5720,15.896
5720,23.912
5720,24.075
5720,12.851
5720,14.649
5720,14.477
5720,14.68
5720,14.966
5720,3.265
5720,12.149
5720,17.187
5720,22.829
5720,8.342
5720,12.428
5720,10.315
5720,7.136
5720,20.504
5720,10.669
5720,9.064
5720,15.664
5720,7.728
5720,23.525
5720,18.493
5720,-1.472
5720,18.714
5720,9.484
5720,13.265
5720,19.945
5720,12.012
5720,17.221
5720,10.385
5720,10.822
5720,12.55
5720,15.371
5720,22.465
5720,8.652
5720,21.794
5720,18.241
5720,13.712
5720,18.352
5761,2.076
5761,5.797
5761,6.037
5761,9.889
5761,11.618
5761,5.364
5761,14.633
5761,4.153
5761,6.712
5761,17.514
5761,21.233
5761,9.544
5761,-1.408
5761,8.393
5761,21.39
5761,17.157
5761,7.344
5761,2.407
5761,17.042
5761,14.662
5761,15.794
5761,16.481
5761,20.99
5761,8.794
5761,8.331
5761,24.479
5761,13.33
5761,11.342
5761,16.773
5761,21.633
5761,17.92
5761,16.784
5761,13.7
5761,3.422
5761,4.462
5761,8.118
5761,17.931
5761,1.288
5761,14.836
5761,6.861
5761,14.872
5761,14.73
5761,5.076
5761,14.491
5761,-.493
5761,10.084
5761,17.565
5761,5.655
5761,15.644
5761,-1.559
5761,6.659
5761,11.629
5762,8.529
5762,13.453
5762,10.81
5762,.585
5762,-2.252
5762,2.633
5762,-2.55
5762,3.284
5762,2.43
5762,12.771
5762,4.888
5762,7.081
5762,5.813
5762,5.037
5762,-2.224
5762,6.524
5762,-2.721
5762,.193
5762,.959
5762,6.366
5762,4.423
5762,3.954
5762,2.572
5762,19.424
5762,7.094
5762,2.764
5762,3.73
5762,-.754
5762,-2.832
5762,1.045
5762,9.385
5762,2.617
5762,1.083
5762,7.722
5762,5.312
5762,.569
5762,10.303
5783,4.983
5783,9.725
5783,21.504
5783,11.637
5783,4.858
5783,17.53
5783,.148
5783,17.718
5783,1.288
5783,3.083
5783,18.026
5783,10.652
5783,20
5783,11.593
5783,17.416
5783,17.059
5783,9.413
5783,22.794
5783,15.456
5783,18.326
5783,13.009
5783,7.417
5783,14.704
5783,10.927
5783,22.541
5783,21.141
5783,5.499
5783,17.287
5783,15.626
5815,5.964
5815,.842
5815,5.271
5815,17.43
5815,10.485
5815,.371
5815,12.521
5815,2.865
5815,12.484
5815,14.206
5815,19.598
5815,6.707
5815,3.9
5815,1.27
5815,11.182
5815,-1.603
5815,14.165
5815,2.04
5815,7.123
5815,5.443
5815,6.44
5815,3.778
5815,5.034
5815,3.278
5815,10.99
5819,5.698
5819,1.068
5819,13.427
5819,13.702
5819,11.802
5819,14.658
5819,18.881
5819,2.191
5819,5.19
5819,19.487
5819,7.381
5819,9.741
5819,11.149
5819,16.246
5819,7.782
5819,19.357
5819,15.575
5819,15.669
5819,15.108
5819,11.933
5819,6.032
5819,23.185
5819,1.584
5819,2.272
5819,16.837
5819,16.688
5819,13.652
5819,5.825
5819,24.812
5819,16.936
5819,24.483
5819,7.492
5819,3.886
5819,-2.132
5819,18.62
5819,16.084
5819,20.441
5819,3.237
5819,18.142
5819,10.165
5819,24.479
5819,3.615
5819,12.465
5819,14.736
5819,13.854
5819,18.01
5819,11.794
5819,13.848
5819,12.192
5819,-2.334
5838,13.903
5838,14.123
5838,24.133
5838,22.449
5838,10.225
5838,5.441
5838,7.477
5838,14.707
5838,13.934
5838,10.504
5838,14.275
5838,21.355
5838,8.754
5838,13.701
5838,9.614
5838,10.439
5838,3.584
5838,20.673
5838,12.335
5838,10.479
5838,15.515
5838,9.875
5838,17.327
5838,7.193
5838,16.189
5838,16.948
5838,17.312
5838,20.765
5838,19.485
5838,19.247
5838,2.417
5937,23.88
5937,23.771
5937,18.312
5937,17.539
5937,6.102
5937,18.4
5937,19.4
5937,18.56
5937,8.631
5937,18.38
5937,14.503
5937,23.822
5937,12.911
5937,18.345
5937,17.152
5937,12.846
5937,18.358
5937,17.19
5937,4.141
5937,10.045
5937,20.011
5937,19.803
5937,21.66
5937,22.717
5937,16.219
5937,15.92
5937,12.853
5937,17.321
5937,17.711
6074,21.142
6074,4.826
6074,15.473
6074,4.472
6074,12.553
6074,19.772
6074,4.176
6074,15.573
6074,18.807
6074,8.914
6074,8.005
6074,15.241
6074,19.184
6074,13.302
6074,14.818
6074,15.502
6074,8.642
6074,7.316
6074,15.243
6074,10.654
6074,15.076
6074,18.324
6074,18.875
6074,16.89
6074,17.681
6074,7.907
6074,9.38
6074,5.236
6074,23.917
6074,15.636
6074,22.427
6074,20.075
6074,11.344
6074,17.445
6074,2.124
6074,1.099
6074,20.251
6074,12.511
6074,6.332
6074,7.082
6074,12.55
6074,21.26
6074,9.377
6074,15.842
6074,6.963
6074,21.986
6074,20.635
6074,2.823
6074,17.173
6074,24.421
6074,21.658
6074,21.734
6074,5.311
6074,9.831
6074,19.882
6074,16.956
6089,20.111
6089,16.624
6089,15.343
6089,20.613
6089,20.069
6089,6.761
6089,14.498
6089,21.052
6089,15.761
6089,19.729
6089,24.386
6089,13.833
6089,17.54
6089,-.111
6089,8.726
6089,5.722
6089,11.303
6089,23.259
6089,13.337
6089,6.707
6089,22.854
6089,22.521
6089,13.947
6089,19.499
6089,12.577
6089,16.761
6089,13.901
6089,12.605
6089,13.544
6089,1.199
6089,24.707
6089,21.793
6089,22.625
6144,13.89
6144,21.272
6144,22.091
6144,6.02
6144,6.868
6144,10.037
6144,13.639
6144,1.785
6144,16.246
6144,11.486
6144,-1.852
6144,3.001
6144,4.239
6144,2.799
6144,21.64
6144,14.616
6144,6.217
6144,.251
6144,16.239
6144,1.107
6144,5.01
6144,12.65
6144,3.967
6144,3.605
6144,3.091
6144,4.641
6144,11.389
6144,8.362
6144,4.554
6144,13.247
6144,12.344
6144,8.464
6144,.778
6144,10.84
6144,22.307
6144,4.085
6144,12.216
6144,-.726
6144,2.503
6144,8.519
6144,15.139
6144,3.719
6144,5.143
6170,8.954
6170,20.087
6170,19.951
6170,22.3
6170,14.148
6170,13.626
6170,16.68
6170,15.085
6170,1.01
6170,23.917
6170,4.27
6170,13.298
6170,20.251
6170,10.991
6170,3.253
6170,.379
6170,24.012
6170,-.205
6170,23.231
6170,18.317
6170,24.247
6291,10.305
6291,11.178
6291,17.11
6291,8.031
6291,17.821
6291,4.633
6291,12.085
6291,3.309
6291,.612
6291,1.803
6291,8.022
6291,4.01
6291,5.9
6291,9.182
6291,7.133
6291,6.294
6291,15.823
6291,14.38
6291,3.326
6291,5.5
6291,3.377
6291,7.026
6291,23.578
6291,19.619
6291,23.137
6291,16.177
6291,15.868
6291,17.446
6291,18.119
6291,-2.092
6291,12.663
6291,13.835
6291,3.872
6291,10.092
6291,4.582
6366,19.467
6366,17.715
6366,14.341
6366,23.04
6366,24.993
6366,22.943
6366,23.525
6366,24.133
6366,21.689
6366,10.158
6366,20.761
6366,22.055
6366,8.933
6366,24.252
6366,10.477
6366,12.082
6366,20.619
6366,3.745
6366,7.292
6366,14.516
6366,22.827
6366,12.211
6366,15.183
6366,9.178
6366,19.704
6366,19.685
6366,12.565
6366,22.572
6366,5.932
6366,8.34
6366,15.712
6366,15.415
6366,19.41
6366,18.12
6366,8.317
6366,12.723
6366,22.311
6366,18.33
6366,15.019
6366,10.79
6366,16.491
6366,18.028
6366,21.264
6366,14.318
6366,15.572
6366,21.755
6366,19.327
6366,13.882
6366,3.706
6366,10.186
6366,-.799
6366,12.971
6366,14.084
6366,12.104
6366,3.57
6366,24.418
6366,11.635
6366,24.479
6397,-1.483
6397,13.327
6397,10.873
6397,15.109
6397,6.886
6397,4.233
6397,12.774
6397,13.581
6397,3.344
6397,3.834
6397,23.388
6397,3.457
6397,20.658
6397,6.842
6397,8.559
6397,4.918
6397,14.09
6397,10.284
6397,6.76
6397,4.496
6397,21.663
6397,19.411
6397,15.241
6397,18.314
6397,14.82
6397,11.505
6397,4.987
6397,5.641
6397,2.679
6397,.67
6397,15.045
6397,20.828
6397,8.826
6397,15.79
6397,19.724
6397,20.222
6397,5.688
6397,23.261
6397,10.856
6397,17.857
6397,3.335
6397,6.572
6397,7.387
6397,24.869
6397,19.833
6397,21.334
6397,17.267
6397,21.887
6397,18.07
6397,12.869
6397,9.659
6397,6.211
6397,10.388
6397,14.898
6397,17.669
6397,21.897
6397,24.434
6397,21.557
6397,11.861
6397,16.811
6415,21.594
6415,13.752
6415,10.266
6415,6.46
6415,23.108
6415,2.187
6415,12.877
6415,23.717
6415,21.857
6415,11.85
6415,21.877
6415,12.51
6415,.965
6415,16.623
6415,4.653
6415,3.353
6415,13.091
6415,17.129
6415,17.937
6415,12.238
6415,15.296
6415,4.205
6415,15.117
6415,11.407
6415,1.103
6415,10.36
6415,7.52
6415,14.397
6415,19.749
6415,20.767
6415,20.124
6415,12.268
6415,7.035
6415,4.292
6415,21.508
6415,13.945
6415,9.658
6415,9.81
6415,-1.818
6415,17.055
6415,4.731
6415,6.552
6415,1.208
6415,12.706
6415,16.762
6415,3.444
6415,7.237
6415,9.371
6415,6.34
6415,12.706
6415,17.118
6415,21.869
6415,2.935
6415,15.63
6443,6.372
6443,14.039
6443,12.655
6443,9.865
6443,9.937
6443,-1.806
6443,22.391
6443,14.191
6443,13.014
6443,5.873
6443,12.427
6443,10.582
6443,17.731
6443,7.731
6443,9.522
6443,14.626
6443,3.93
6443,13.861
6443,18.22
6443,-1.199
6443,7.096
6443,6.087
6443,5.779
6443,4.745
6443,15.571
6443,.98
6443,9.627
6443,2.493
6443,15.06
6443,2.866
6464,4.898
6464,23.822
6464,2.57
6464,.247
6464,11.448
6464,4.745
6464,10.969
6464,14.298
6464,2.792
6464,3.721
6464,11.265
6464,10.249
6464,7.235
6464,7.347
6464,6.198
6464,2.083
6464,11.771
6464,6.864
6464,2.291
6464,3.949
6464,14.876
6464,7.962
6464,6.676
6464,9.251
6464,6.921
6464,7.526
6464,7.068
6464,-1.638
6464,-1.747
6469,17.823
6469,20.396
6469,20.159
6469,24.309
6469,16.217
6469,22.027
6469,19.71
6469,23.081
6469,17.711
6469,23.677
6469,16.909
6469,16.352
6469,22.992
6469,20.743
6469,9.766
6469,21.721
6469,21.514
6469,20.34
6469,23.043
6469,20.403
6469,7.778
6469,18.076
6469,24.993
6469,22.284
6469,11.161
6469,22.752
6469,12.561
6469,15.772
6469,11.941
6469,23.509
6469,16.133
6469,19.326
6469,10.358
6469,21.74
6469,17.364
6469,24.993
6469,11.097
6469,12.624
6469,23.619
6469,16.902
6469,22.705
6469,7.292
6469,12.878
6469,10.542
6469,19.599
6469,18.058
6469,21.919
6469,23.889
6469,11.778
6469,15.088
6469,22.491
6469,15.464
6469,22.08
6469,18.614
6469,20.967
6469,22.694
6469,22.042
6484,7.068
6484,21.653
6484,18.539
6484,18.707
6484,15.296
6484,17.224
6484,8.05
6484,20.84
6484,15.863
6484,-2.557
6484,-.765
6484,8.976
6484,20.571
6484,16.233
6484,16.948
6484,13.959
6484,8.782
6484,5.674
6484,5.59
6484,20.188
6484,6.563
6484,20.742
6484,12.881
6484,8.1
6484,19.705
6484,14.612
6484,3.269
6484,14.474
6484,21.073
6484,20.267
6484,24.479
6484,17.42
6484,10.101
6484,-2.832
6484,4.241
6578,19.679
6578,20.847
6578,10.643
6578,11.011
6578,19.288
6578,16.109
6578,11.931
6578,6.767
6578,23.133
6578,14.462
6578,17.684
6578,-1.17
6578,21.704
6578,5.82
6578,13.556
6578,5.757
6578,5.95
6578,.936
6578,16.157
6578,12.632
6578,3.563
6578,8.728
6578,16.673
6578,11.423
6578,3.565
6578,17.727
6578,20.739
6578,12.394
6578,8.117
6578,11.84
6578,14.964
6578,9.759
6578,6.627
6578,13.505
6578,15.381
6578,12.258
6578,18.616
6578,.771
6578,9.842
6578,2.446
6578,2.751
6578,16.183
6578,19.362
6578,23.144
6578,19.827
6578,16.785
6578,4.045
6578,12.761
6578,16.177
6578,11.814
6578,20.605
6578,8.271
6578,5.653
6578,7.267
6578,10.277
6578,4.908
6600,9.493
6600,20.429
6600,1.803
6600,7.503
6600,2.628
6600,14.414
6600,11.462
6600,-.691
6600,3.383
6600,9.321
6600,7.328
6600,2.899
6600,9.216
6600,22.866
6600,16.176
6600,15.561
6600,23.053
6600,24.06
6600,14.076
6600,4.601
6600,12.291
6600,19.963
6600,9.339
6600,2.258
6600,.969
6600,17.741
6600,19.126
6600,15.297
6600,8.197
6600,18.946
6600,9.179
6600,11.202
6600,14.932
6600,11.941
6600,19.592
6600,-2.832
6600,13.44
6600,3.979
6600,20.144
6600,7.772
6600,6.966
6600,22.183
6600,3.145
6600,17.964
6600,12.445
6600,8.865
6600,16.836
6600,5.927
6600,8.153
6600,15.118
6600,7.649
6600,20.366
6600,11.723
6600,21.646
6600,6.58
6600,16.795
6808,10.249
6808,13.392
6808,10.551
6808,4.666
6808,1.551
6808,5.803
6808,11.096
6808,5.628
6808,22.197
6808,20.718
6808,14.304
6808,19.545
6808,9.766
6808,6.024
6808,5.484
6808,2.393
6808,.958
6808,22.451
6808,7.243
6808,12.577
6808,4.774
6808,-2.008
6808,13.809
6808,15.963
6808,7.719
6808,-2.565
6808,1.908
6808,1.011
6808,19.047
6808,5.198
6808,11.16
6808,3.522
6808,21.739
6808,18.255
6808,5.232
6808,12.188
6808,16.007
6808,14.505
6808,3.038
6808,10.847
6808,-2.496
6808,1.275
6808,12.723
6808,9.142
6816,18.067
6816,10.197
6816,18.997
6816,14.991
6816,17.604
6816,11.411
6816,15.337
6816,22.006
6816,8.156
6816,17.516
6816,17.826
6816,8.233
6816,9.092
6816,14.861
6816,16.103
6816,17.409
6816,8.713
6816,20.303
6816,17.187
6816,22.559
6816,9.944
6816,16.649
6816,3.619
6816,12.884
6816,9.413
6816,16.777
6816,8.654
6816,14.344
6816,11.339
6816,12.531
6816,18.285
6816,16.411
6816,15.284
6816,21.191
6816,15.014
6816,13.117
6816,16.446
6816,21.29
6816,15.456
6816,18.791
6816,15.611
6816,7.412
6816,19.041
6816,16.967
6816,1.162
6816,11.937
6816,13.012
6816,17.248
6816,7.492
6816,21.392
6816,15.733
6816,15.034
6816,15.614
6816,12.584
6816,15.357
6897,18.863
6897,7.705
6897,8.411
6897,22.004
6897,23.503
6897,17.527
6897,22.7
6897,10.148
6897,23.397
6897,4.638
6897,17.906
6897,11.541
6897,21.141
6897,10.122
6897,12.332
6897,16.794
6897,23.923
6897,14.57
6897,6.405
6897,22.123
6897,19.619
6897,2.251
6897,14.197
6897,10.103
6897,9.101
6897,15.885
6897,19.83
6897,22.292
6897,5.157
6897,24.479
6897,18.66
6897,5.358
6897,4.806
6897,19.245
6897,4.33
6897,17.255
6897,15.281
6897,21.416
6897,22.857
6897,15.944
6897,17.972
6897,8.188
6897,23.584
6897,11.309
6897,19.303
6897,1.813
6897,17.423
6897,16.543
6897,19.83
6990,2.509
6990,4.756
6990,15.756
6990,.037
6990,13.484
6990,13.796
6990,1.645
6990,3.654
6990,13.667
6990,1.291
6990,6.232
6990,3.513
6990,4.522
6990,10.237
6990,7.262
6990,3.715
6990,10.817
6990,5.092
6990,2.855
6990,3.617
6990,4.78
6990,1.245
6990,3.209
6990,13.599
6990,3.583
6990,10.038
6990,4.895
6990,.261
6990,19.432
6990,4.568
6990,-.626
6990,4.285
6990,3.36
6990,15.164
6990,16.015
6990,10.389
6990,10.011
6990,-2.832
6990,2.6
6990,.819
6990,5.078
6990,9.268
6990,7.944
6990,15.832
6990,3.357
6990,7.77
6990,.035
6990,-1.929
6990,4.293
6990,1.785
6990,8.875
6990,.401
6990,.809
7011,9.581
7011,7.429
7011,14.777
7011,8.537
7011,13.103
7011,8.768
7011,13.102
7011,9.919
7011,13.842
7011,2.799
7011,11.29
7011,17.659
7011,19.234
7011,20.773
7011,23.558
7011,.165
7011,20.081
7011,16.699
7011,22.382
7011,24.993
7011,22.402
7011,11.839
7011,5.501
7011,8.319
7011,8.513
7011,16.289
7011,7.472
7011,17.555
7011,17.094
7011,17.611
7011,18.305
7011,12.744
7011,13.513
7101,14.438
7101,21.741
7101,5.533
7101,3.597
7101,6.826
7101,10.183
7101,15.161
7101,14.256
7101,7.209
7101,12.078
7101,22.113
7101,4.034
7101,17.085
7101,16.251
7101,16.585
7101,16.188
7101,17.206
7101,19.483
7101,6.271
7101,9.223
7101,4.534
7101,13.684
7101,9.401
7101,12.063
7101,22.906
7101,.803
7101,10.145
7101,2.801
7172,7.054
7172,-.602
7172,5.549
7172,14.331
7172,3.452
7172,3.828
7172,3.552
7172,2.342
7172,9.915
7172,11.563
7172,19.899
7172,6.303
7172,4.518
7172,10.579
7172,7.189
7172,.62
7172,1.43
7172,4.686
7172,13.351
7172,2.003
7172,7.918
7172,14.899
7172,2.382
7172,7.107
7172,13.85
7172,3.951
7172,5.788
7172,7.011
7172,17.967
7172,10.044
7172,3.243
7172,11.458
7172,1.098
7172,4.416
7172,13.097
7172,13.349
7172,18.938
7172,9.486
7172,8.399
7172,-2.116
7172,10.083
7172,6.615
7172,17.276
7172,17.119
7232,2.633
7232,2.934
7232,10.348
7232,14.9
7232,14.46
7232,15.273
7232,-.438
7232,4.135
7232,17.988
7232,10.087
7232,2.665
7232,14.561
7232,14.241
7232,13.944
7232,-.519
7232,-.955
7232,21.628
7232,5.879
7232,17.001
7232,12.577
7232,2.607
7232,24.182
7232,20.206
7232,10.588
7232,13.584
7232,15.887
7232,2.008
7232,15.343
7232,15.711
7232,9.32
7232,6.258
7232,19.301
7232,12.215
7232,8.619
7232,18.149
7232,20.941
7232,6.694
7232,16.74
7232,20.275
7232,17.025
7232,18.073
7232,10.795
7232,13.695
7232,16.278
7232,15.821
7232,23.591
7232,11.893
7232,15.302
7232,18.663
7232,1.81
7232,16.291
7232,21.01
7276,12.745
7276,16.409
7276,20.652
7276,11.12
7276,2.113
7276,4.027
7276,4.849
7276,7.086
7276,24.309
7276,14.171
7276,12.146
7276,18.71
7276,6.617
7276,1.521
7276,14.184
7276,18.357
7276,19.129
7276,18.564
7276,16.576
7276,7.996
7276,20.853
7276,11.596
7276,5.935
7276,19.558
7276,11.676
7276,11.504
7276,14.372
7276,24.677
7276,15.412
7276,24.993
7276,17.228
7276,20.214
7276,6.277
7276,11.717
7276,4.828
7276,11.937
7276,-1.525
7276,15.73
7276,13.765
7276,21.532
7276,3.478
7276,10.162
7276,19.672
7276,8.96
7276,.906
7276,9.484
7276,2.327
7276,14.292
7276,7.318
7276,12.319
7276,14.106
7276,24.479
7276,10.945
7332,10.738
7332,10.423
7332,18.759
7332,7.382
7332,3.013
7332,24.993
7332,22.208
7332,9.815
7332,19.835
7332,22.668
7332,3.326
7332,16.502
7332,9.608
7332,18.96
7332,16.67
7332,17.28
7332,13.347
7332,8.05
7332,23.141
7332,9.967
7332,18.054
7332,7.082
7332,14.873
7332,14.466
7332,21.884
7332,15.332
7332,15.286
7332,9.899
7332,21.736
7332,13.197
7332,18.423
7332,11.627
7332,10.865
7332,13.895
7332,10.551
7332,12.951
7332,13.531
7332,22.701
7332,16.114
7332,21.6
7332,18.804
7332,20.846
7332,21.184
7332,15.917
7332,6.398
7332,4.056
7332,13.243
7332,11.333
7341,4.06
7341,-1.232
7341,9.483
7341,14.357
7341,4.939
7341,-.05
7341,.047
7341,12.076
7341,7.82
7341,-.706
7341,1.295
7341,5.705
7341,13.469
7341,12.893
7341,10.255
7341,13.271
7341,4.476
7341,11.852
7341,10.977
7341,15.073
7341,13.021
7341,4.417
7341,11.132
7341,4.55
7341,3.711
7341,10.54
7341,14.716
7341,18.152
7341,17.5
7341,14.978
7341,17.537
7341,20.828
7341,13.108
7341,6.234
7341,11.892
7341,17.709
7341,7.078
7341,13.557
7341,11.325
7341,13.174
7341,5.041
7341,11.316
7341,4.216
7341,11.518
7341,9.109
7341,12.912
7341,11.537
7341,6.65
7341,5.23
7341,8.87
7341,17.885
7342,9.304
7342,11.609
7342,23.271
7342,15.179
7342,18.183
7342,8.335
7342,9.589
7342,20.655
7342,4.315
7342,9.176
7342,19.443
7342,8.394
7342,.848
7342,14.099
7342,19.847
7342,4.093
7342,7.57
7342,13.848
7342,4.335
7342,19.461
7342,4.633
7342,4.406
7342,13.098
7342,2.032
7342,15.918
7342,12.821
7342,4.383
7342,10.365
7342,14.181
7342,15.33
7342,3.683
7342,17.31
7342,11.661
7342,19.773
7342,9.156
7342,10.637
7342,21.879
7342,1.103
7342,13.31
7342,7.531
7342,10.453
7342,18.226
7342,1.187
7342,8.283
7342,17.28
7342,15.449
7342,6.923
7342,5.529
7342,19.098
7342,11.664
7342,10.033
7342,13.328
7342,5.418
7342,20.02
7342,2.956
7342,22.535
7342,6.194
7342,-1.688
7345,13.068
7345,13.085
7345,-.203
7345,12.609
7345,16.98
7345,17.983
7345,12.787
7345,8.788
7345,11.919
7345,22.5
7345,11.07
7345,23.585
7345,7.891
7345,.908
7345,16.706
7345,20.784
7345,15.539
7345,12.904
7345,18.909
7345,16.652
7345,7.513
7345,12.848
7345,13.047
7345,16.706
7345,1.817
7345,4.215
7345,4.6
7345,22.313
7345,24.993
7345,5.926
7345,12.123
7345,1.442
7345,4.023
7345,2.126
7345,9.098
7345,20.767
7345,2.211
7345,2.527
7345,9.764
7345,14.337
7345,4.337
7345,17.513
7345,8.157
7345,-.184
7345,2.354
7345,23.134
7345,10.009
7345,3.361
7345,21.873
7345,-2.541
7345,8.231
7345,18.441
7345,20.589
7345,10.969
7345,12.16
7345,9.696
7364,13.88
7364,20.556
7364,14.665
7364,5.486
7364,3.762
7364,13.928
7364,17.348
7364,14.867
7364,3.554
7364,2.347
7364,16.485
7364,5.058
7364,19.836
7364,11.211
7364,20.325
7364,21.139
7364,22.678
7364,10.454
7364,13.131
7364,16.28
7364,7.12
7364,8.839
7364,20.964
7364,22.854
7364,10.174
7364,23.323
7364,19.096
7364,7.067
7364,14.833
7364,16.18
7364,17.594
7364,14.201
7364,20.29
7364,17.276
7364,19.275
7364,10.848
7364,6.015
7364,11.335
7364,6.571
7364,20.828
7364,17.231
7364,15.407
7364,13.238
7364,16.025
7635,12.162
7635,11.307
7635,11.552
7635,22.526
7635,12.707
7635,22.138
7635,14.077
7635,7.494
7635,6.027
7635,3.5
7635,14.842
7635,16.442
7635,17.768
7635,4.995
7635,22.579
7635,13.082
7635,17.989
7635,7.741
7635,22.851
7635,22.055
7635,20.691
7635,14.823
7635,21.445
7635,6.225
7635,17.049
7635,15.203
7635,19.989
7635,19.044
7635,7.703
7635,3.724
7635,10.535
7635,23.81
7635,5.479
7635,15.358
7635,5.866
7635,13.84
7635,13.398
7635,21.319
7635,22.066
7635,19.816
7635,24.479
7635,13.142
7635,12.406
7635,19.964
7635,22.37
7635,14.713
7635,22.016
7635,15.609
7635,19.795
7635,14.077
7635,8.554
7688,19.866
7688,20.078
7688,22.085
7688,20.928
7688,17.163
7688,21.563
7688,20.032
7688,22.94
7688,23.686
7688,22.745
7688,20.046
7688,22.909
7688,24.993
7688,15.264
7688,15.466
7688,16.855
7688,23.161
7688,18.718
7688,14.266
7688,16.267
7688,23.238
7688,15.781
7688,18.63
7688,19.06
7688,1.277
7688,24.993
7688,22.69
7688,21.07
7688,9.156
7688,19.004
7688,9.587
7688,18.504
7688,15.485
7688,16.216
7688,13.484
7688,20.978
7688,12.146
7688,18.284
7688,10.582
7688,21.517
7688,13.738
7688,20.908
7688,19.624
7688,15.24
7688,24.479
7688,22.907
7688,15.23
7688,20.502
7688,18.537
7688,17.258
7688,19.567
7688,16.252
7688,19.391
7688,20.459
7697,6.779
7697,12.505
7697,19.844
7697,17.163
7697,5.705
7697,22.973
7697,13.179
7697,7.015
7697,14.254
7697,20.13
7697,5.148
7697,11.475
7697,24.479
7697,23.398
7697,10.116
7697,24.483
7697,24.993
7697,20.226
7697,17.022
7697,23.464
7697,4.887
7697,21.848
7697,8.731
7697,13.528
7697,11.62
7697,18.395
7697,6.574
7697,18.805
7697,13.179
7697,23.185
7697,23.578
7697,14.416
7734,16.44
7734,4.132
7734,7.044
7734,24.041
7734,1.824
7734,5.118
7734,2.528
7734,5.194
7734,-1.225
7734,13.759
7734,17.054
7734,23.394
7734,9.782
7734,17.271
7734,24.479
7734,16.148
7734,.554
7734,-.281
7734,6.018
7734,23.062
7734,9.841
7734,6.135
7890,17.17
7890,4.74
7890,3.377
7890,22.189
7890,16.495
7890,15.574
7890,12.044
7890,3.628
7890,3.901
7890,5.941
7890,5.496
7890,3.996
7890,4.556
7890,20.542
7890,11.206
7890,2.811
7890,11.467
7890,2.622
7890,20.534
7890,3.893
7890,14.279
7890,14.662
7890,.748
7890,9.68
7890,7.886
7890,.93
7890,5.211
7890,11.992
7890,3.371
7890,16.809
7890,3.478
7890,7.774
7890,4.439
7890,9.35
7890,-.398
7890,20.468
7890,10.16
7890,8.787
7890,8.954
7890,2.434
7890,3.295
7890,6.893
7890,3.414
7890,9.28
7890,8.322
7890,6.22
7890,12.037
7890,20.648
7890,3.744
7890,-2.362
7890,.709
7919,2.809
7919,7.788
7919,23.906
7919,13.8
7919,18.171
7919,10.083
7919,9.891
7919,17.775
7919,22.519
7919,23.007
7919,7.195
7919,13.475
7919,6.582
7919,23.623
7919,4.675
7919,13.184
7919,19.14
7919,20.245
7919,.767
7919,14.991
7919,18.484
7919,13.23
7919,18.608
7919,23.578
7919,3.367
7919,10.437
7919,9.76
7919,10.889
7919,21.741
7919,21.695
7919,23.323
7919,19.043
7919,18.921
7919,8
7919,21.539
7919,21.152
7919,12.056
8009,5.6
8009,19.843
8009,5.359
8009,18.394
8009,17.807
8009,14.278
8009,12.072
8009,3.5
8009,17.958
8009,22.772
8009,12.224
8009,15.402
8009,13.255
8009,14.514
8009,16.396
8009,19.565
8009,22.208
8009,9.52
8009,17.953
8009,6.149
8009,22.365
8009,11.063
8009,17.724
8009,15.422
8009,9.718
8009,9.78
8009,19.686
8009,18.604
8009,6.153
8009,22.373
8009,13.331
8009,7.824
8009,11.307
8009,18.814
8009,16.452
8009,9.311
8009,17.305
8009,-1.524
8009,13.108
8009,14.931
8009,6.568
8009,14.061
8009,20.828
8009,10.58
8009,13.147
8009,21.497
8009,16.785
8150,12.693
8150,18.295
8150,13.881
8150,21.186
8150,17.769
8150,10.399
8150,12.088
8150,7.369
8150,8.555
8150,14.947
8150,13.543
8150,16.405
8150,11.288
8150,17.756
8150,13.66
8150,24.355
8150,17.045
8150,18.368
8150,17.82
8150,5.523
8150,16.475
8150,22.854
8150,19.189
8150,17.889
8150,6.878
8150,22.854
8150,13.313
8150,18.002
8150,10.482
8150,6.106
8150,13.779
8150,17.846
8150,6.772
8150,23.58
8150,14.843
8150,15.244
8150,3.347
8150,12.782
8150,20.296
8150,14.334
8150,13.557
8150,15.888
8150,14.356
8150,19.893
8165,23.772
8165,14.389
8165,20.781
8165,24.252
8165,20.564
8165,14.879
8165,18.788
8165,14.578
8165,17.03
8165,20.945
8165,11.244
8165,10.989
8165,12.644
8165,10.442
8165,-.179
8165,10.661
8165,11.027
8165,14.89
8165,22.771
8165,15.539
8165,18.822
8165,21.185
8165,20.399
8165,21.797
8165,19.475
8165,10.665
8165,23.065
8165,17.969
8165,20.551
8165,13.492
8165,18.215
8165,18.196
8165,8.984
8165,19.679
8165,22.37
8165,22.685
8165,23.591
8165,5.55
8165,11.24
8165,15.648
8165,19.391
8165,21.324
8165,15.071
8165,13.869
8165,12.676
8165,9.695
8165,15.445
8165,12.608
8165,22.447
8175,12.09
8175,7.272
8175,5.683
8175,5.73
8175,7.097
8175,18.416
8175,15.927
8175,4.507
8175,14.017
8175,9.202
8175,3.514
8175,13.703
8175,14.958
8175,5.441
8175,19.822
8175,23.689
8175,17.255
8175,11.531
8175,4.141
8175,10.793
8175,10.244
8175,6.351
8175,14.173
8175,5.284
8175,15.894
8175,11.259
8175,4.705
8175,14.307
8175,3.792
8175,24.479
8175,15.825
8175,11.356
8175,23.58
8188,23.487
8188,3.545
8188,16.653
8188,19.535
8188,14.778
8188,2.691
8188,5.56
8188,7.77
8188,8.629
8188,5.678
8188,10.259
8188,2.909
8188,9.751
8188,16.338
8188,15.216
8188,15.58
8188,18.042
8188,5.127
8188,22.354
8188,8.841
8188,14.848
8188,22.705
8188,12.023
8188,7.426
8188,22.365
8188,14.47
8188,17.763
8188,2.063
8188,20.627
8188,15.196
8193,19.699
8193,20.945
8193,14.408
8193,20.161
8193,15.639
8193,17.554
8193,17.143
8193,18.91
8193,21.674
8193,9.681
8193,20.216
8193,15.235
8193,12.885
8193,15.969
8193,19.632
8193,12.644
8193,10.102
8193,10.748
8193,18.63
8193,17.734
8193,18.406
8193,16.743
8193,16.939
8193,24.993
8193,13.04
8193,16.311
8193,13.252
8193,13.981
8193,15.969
8193,7.212
8193,5.189
8193,20.625
8193,17.594
8193,19.092
8193,10.985
8193,17.109
8193,13.276
8193,22.475
8193,22.079
8193,21.893
8193,17.554
8193,12.674
8193,10.987
8202,11.137
8202,6.469
8202,24.107
8202,-2.832
8202,13.651
8202,7.709
8202,1.062
8202,14.051
8202,10.061
8202,24.993
8202,2.165
8202,16.59
8202,18.113
8202,18.46
8202,5.758
8202,24.421
8202,14.518
8202,21.435
8202,3.445
8202,16.791
8202,5.585
8202,8.439
8202,19.67
8202,7.448
8202,.787
8202,15.89
8202,4.778
8202,8.796
8202,6.546
8202,14.841
8202,2.783
8202,5.286
8202,24.421
8202,16.166
8202,16.395
8357,7.387
8357,13.984
8357,19.244
8357,7.075
8357,11.736
8357,12.51
8357,1.017
8357,18.33
8357,3.671
8357,24.386
8357,21.836
8357,22.359
8357,16.401
8357,20.252
8357,15.547
8357,1.681
8357,14.133
8357,20.013
8357,20.403
8357,10.242
8357,14.025
8357,7.647
8357,17.342
8357,8.145
8357,14.142
8357,22.129
8357,22.673
8367,15.936
8367,1.865
8367,-2.832
8367,2.122
8367,6.755
8367,.725
8367,.836
8367,6.788
8367,8.454
8367,4.192
8367,4.841
8367,3.895
8367,6.227
8367,3.935
8477,10.036
8477,7.733
8477,12.683
8477,5.84
8477,7.644
8477,7.276
8477,20.726
8477,16.28
8477,20.716
8477,4.986
8477,23.549
8477,7.873
8477,10.776
8477,21.179
8477,1.138
8477,5.671
8477,13.967
8477,20.73
8477,21.586
8477,13.676
8477,7.044
8477,9.743
8477,16.305
8477,16.646
8477,14.076
8477,13.97
8477,22.864
8477,16.583
8477,4.662
8477,22.653
8477,5.642
8477,8.135
8477,16.324
8477,1.565
8477,23.062
8477,4.173
8477,5.811
8531,6.199
8531,1.375
8531,1.882
8531,24.112
8531,7.529
8531,13.985
8531,15.997
8531,23.696
8531,21.366
8531,7.204
8531,23.087
8531,19.365
8531,22.401
8531,18.817
8531,14.087
8531,14.733
8531,15.555
8531,11.841
8531,13.689
8531,7.061
8531,20.121
8531,10.663
8531,10.46
8531,17.153
8531,4.552
8531,22.271
8531,5.538
8531,23.501
8531,23.397
8531,24.418
8531,10.17
8531,6.311
8531,20.094
8531,14.419
8531,8.15
8531,5.945
8531,10.358
8531,-1.509
8531,7.166
8531,22.895
8531,4.622
8627,10.86
8627,8.921
8627,10.904
8627,1.609
8627,9.352
8627,3.545
8627,12.752
8627,.978
8627,2.601
8627,5.277
8627,24.993
8627,24.993
8627,23.52
8627,13.946
8627,14.259
8627,15.525
8627,2.829
8627,15.523
8627,11.322
8627,13.522
8627,16.59
8627,16.438
8627,5.098
8627,8.867
8627,18.125
8627,14.354
8627,9.262
8627,12.449
8627,11.534
8627,11.378
8627,6.41
8627,12.22
8627,14.547
8627,16.66
8627,2.021
8627,22.038
8627,4.348
8627,18.999
8627,11.477
8627,15.254
8627,4.575
8627,3.442
8627,11.271
8627,15.295
8627,6.703
8627,3.59
8627,18.143
8627,9.901
8627,15.088
8627,-.602
8627,.507
8627,1.912
8627,11.712
8628,21.455
8628,14.281
8628,23.138
8628,23.06
8628,9.275
8628,22.321
8628,23.878
8628,9.369
8628,16.053
8628,9.572
8628,22.648
8628,23.009
8628,7.675
8628,24.993
8628,18.135
8628,23.484
8628,12.788
8628,24.133
8628,20.968
8628,15.202
8628,23.275
8628,.524
8628,21.022
8628,12.66
8628,7.183
8628,12.681
8628,18.758
8628,16.813
8628,13.06
8628,15.749
8628,21.008
8628,23.607
8628,16.022
8628,16.157
8628,13.018
8628,11.458
8628,22.103
8628,16.06
8628,17.079
8628,12.804
8628,19.281
8628,24.993
8628,15.649
8628,16.814
8628,11.64
8628,-.077
8628,13.917
8628,21.979
8628,21.627
8628,21.145
8628,12.272
8628,10.535
8628,13.235
8628,23.053
8628,22.906
8628,15.184
8628,9.46
8628,15.105
8628,13.635
8628,18.262
8628,11.138
8707,-2.832
8707,8.348
8707,14.538
8707,8.071
8707,17.679
8707,5.967
8707,3.829
8707,19.936
8707,1.85
8707,14.173
8707,8.337
8707,21.074
8707,14.467
8707,19.827
8707,12.843
8707,17.306
8707,4.101
8707,2.868
8707,14.976
8707,18.491
8707,15.115
8707,23.522
8707,4.75
8707,10.142
8707,17.252
8707,18.867
8707,10.326
8707,13.598
8707,7.96
8707,9.167
8707,12.482
8707,22.512
8707,21.188
8707,18.772
8707,18.463
8707,8.623
8707,7.458
8707,8.432
8707,12.167
8707,15.624
8707,3.787
8707,20.237
8707,20.006
8707,8.586
8707,22.102
8707,15.668
8707,18.47
8707,7.304
8775,6.19
8775,2.03
8775,2.868
8775,11.103
8775,15.712
8775,8.085
8775,12.409
8775,3.322
8775,3.245
8775,8.329
8775,8.329
8775,4.406
8775,7.706
8775,7.925
8775,3.379
8775,.475
8775,18.378
8775,16.207
8775,8.265
8775,4.971
8775,13.168
8775,15.78
8775,13.99
8775,14.757
8775,22.135
8775,7.186
8775,3.461
8775,8.295
8775,12.233
8775,7.218
8775,4.191
8775,8.715
8775,8.29
8775,16.424
8775,13.971
8775,15.991
8775,12.19
8775,11.534
8775,10.696
8775,10.841
8775,9.625
8775,4.45
8775,22.027
8775,5.342
8775,20.219
8775,6.766
8775,-1.443
8775,3.03
8800,1.337
8800,10.971
8800,3.528
8800,7.562
8800,6.574
8800,7.625
8800,1.938
8800,5.21
8800,11.026
8800,1.759
8800,13.904
8800,11.928
8800,7.394
8800,4.078
8800,.911
8800,21.687
8800,2.455
8800,17.461
8800,.117
8800,-.22
8800,12.976
8800,20.781
8800,19.662
8800,4.626
8800,2.895
8800,3.548
8800,8.854
8800,7.202
8800,6.635
8800,-2.641
8800,12.82
8800,.147
8854,-2.081
8854,4.773
8854,1.452
8854,7.65
8854,9.902
8854,-2.832
8854,12.856
8854,.914
8854,12.727
8854,-2.832
8854,3.781
8854,-1.714
8854,8.853
8854,12.224
8854,2.188
8854,4.62
8854,2.63
8854,5.343
8854,6.937
8854,-2.262
8854,-.895
8854,17.672
8854,4.606
8854,-1.094
8854,5.122
8854,4.918
8854,1.504
8854,-1.843
8854,6.191
8854,-2.658
8854,6.306
8854,10.715
8857,14.007
8857,18.61
8857,11.46
8857,18.314
8857,11.485
8857,13.918
8857,15.323
8857,16.187
8857,17.642
8857,17.492
8857,13.518
8857,16.408
8857,13.164
8857,7.478
8857,19.401
8857,14.272
8857,12.735
8857,19.658
8857,12.285
8857,20.688
8857,22.889
8857,8.915
8857,18.904
8857,17.413
8857,20.809
8857,18.757
8857,18.866
8857,20.185
8857,13.342
8857,21.498
8857,14.082
8857,12.468
8857,6.865
8857,23.652
8857,18.621
8857,19.334
8857,-.217
8857,17.683
8857,19.392
8857,12.69
8857,16.06
8857,-1.409
8857,16.735
8857,10.87
8857,17.414
8857,-.14
8857,19.355
8857,19.919
8857,17.711
8857,16.748
8857,17.281
8857,7.126
8857,14.412
8857,17.711
8857,15.016
8857,21.696
8857,22.88
8857,7.91
8857,12.502
8857,21.384
8857,10.181
8857,17.408
8857,12.123
8857,17.918
8874,2.362
8874,20.746
8874,19.311
8874,8.902
8874,4.573
8874,20.171
8874,3.16
8874,1.711
8874,8.11
8874,15.577
8874,23.286
8874,2.883
8874,2.272
8874,3.519
8874,5.27
8874,15.009
8874,20.679
8874,10.637
8874,7.779
8874,7.957
8874,15.863
8874,14.204
8874,20.879
8874,19.71
8874,13.474
8874,11.694
8874,10.731
8874,7.606
8874,21.448
8874,17.453
8874,24.479
8874,8.668
8874,11.83
8874,18.384
8874,9.17
8874,4.474
8946,19.173
8946,-2.832
8946,24.172
8946,21.453
8946,21.795
8946,13.671
8946,6.594
8946,3.92
8946,20.008
8946,14.082
8946,11.248
8946,14.962
8946,13.352
8946,10.124
8946,8.391
8946,18.457
8946,6.839
8946,12.346
8946,3.47
8946,15.283
8946,17.316
8946,7.328
8946,17.221
8946,7.328
8946,15.81
8946,4.247
8946,19.331
8946,5.441
8946,9.846
8946,9.024
8946,16.964
8946,4.285
8946,18.107
8946,2.788
8946,-2.482
8946,17.271
8946,12.55
8946,1.764
8946,-.899
8946,7.491
8946,12.514
8946,-2.072
8946,8.723
8946,4.166
8946,7.813
8946,6.651
8946,8.849
8946,7.665
8946,3.075
8946,9.051
8946,6.055
8946,17.409
8946,13.963
8946,4.218
8946,10.722
8946,6.841
8946,14.024
8946,14.849
8983,2.723
8983,20.864
8983,10.897
8983,15.817
8983,10.611
8983,22.229
8983,2.104
8983,5.437
8983,5.128
8983,17.076
8983,13.49
8983,4.805
8983,21.119
8983,14.574
8983,16.017
8983,8.092
8983,-.229
8983,9.508
8983,8.95
8983,5.864
8983,9.841
8983,17.207
8983,8.759
8983,3.5
8983,17.259
8983,13.133
8983,17.772
8983,-1.161
8983,10.112
8983,10.649
8983,22.814
8983,9.909
8983,.209
8983,14.037
8983,17.473
8983,16.818
8983,5.808
8983,5.601
8983,12.138
8983,16.515
8983,20.622
8983,8.025
8983,10.946
8983,10.981
8983,1.824
8983,5.659
8983,23.362
8983,9.138
8983,12.283
8983,10.072
8983,4.211
9021,16.685
9021,10.179
9021,23.032
9021,19.422
9021,10.166
9021,6.416
9021,17.511
9021,18.686
9021,15.924
9021,22.345
9021,9.93
9021,13.446
9021,18.884
9021,13.92
9021,12.508
9021,14.704
9021,21.511
9021,15.8
9021,20.986
9021,14.009
9021,18.408
9021,14.885
9021,8.225
9021,19.068
9021,12.915
9021,4.894
9021,21.904
9021,14.638
9021,9.533
9021,22.768
9021,1.424
9021,18.309
9021,14.622
9021,17.824
9021,6.774
9021,18.277
9021,18.099
9021,13.149
9021,15.624
9021,14.191
9021,10.975
9021,13.435
9021,11.363
9021,16.656
9021,20.577
9021,.369
9021,18.687
9021,14.291
9021,3.51
9021,19.544
9021,14.86
9021,11.575
9021,15.609
9021,17.531
9021,13.188
9021,19.248
9104,22.94
9104,23.118
9104,8.767
9104,15.428
9104,19.775
9104,18.23
9104,22.683
9104,19.117
9104,16.976
9104,22.47
9104,23.124
9104,17.948
9104,10.011
9104,15.359
9104,19.648
9104,22.618
9104,22.421
9104,19.761
9104,9.495
9104,17.706
9104,14.221
9104,24.252
9104,18.671
9104,15.492
9104,13.232
9104,23.768
9104,17.478
9104,17.148
9104,24.292
9104,16.744
9104,22.153
9104,16.173
9104,23.811
9104,9.95
9104,20.424
9104,10.35
9104,20.454
9104,14.995
9104,23.599
9104,10.009
9104,9.821
9104,10.807
9104,6.392
9104,16.591
9104,-.909
9104,17.285
9104,19.983
9104,13.605
9104,8.324
9104,19.324
9104,17.342
9104,7.827
9104,20.866
9104,20.844
9104,12.853
9158,7.538
9158,7.044
9158,4.289
9158,11.073
9158,.699
9158,13.823
9158,.999
9158,14.639
9158,3.295
9158,8.516
9158,16.541
9158,1.304
9158,17.728
9158,.127
9158,15.549
9158,16.298
9158,1.704
9158,14.126
9158,12.369
9158,5.308
9158,14.174
9158,16.376
9158,7.88
9158,4.701
9158,3.782
9158,1.334
9158,-2.555
9158,15.053
9158,9.047
9158,6.432
9158,11.587
9158,5.656
9158,10.438
9158,-2.832
9158,10.663
9158,17.976
9158,9.207
9158,7.032
9158,11.235
9158,10.802
9158,-1.464
9158,15.666
9158,15.186
9158,-2.83
9158,3.699
9158,3.655
9158,9.707
9158,10.471
9158,-.883
9158,9.743
9158,11.488
9158,13.352
9158,24.147
9198,23.077
9198,24.386
9198,22.278
9198,24.462
9198,9.998
9198,21.837
9198,24.086
9198,22.368
9198,23.466
9198,16.69
9198,23.101
9198,21.244
9198,17.401
9198,21.355
9198,19.487
9198,9.219
9198,8.413
9198,24.993
9198,18.602
9198,22.116
9198,13.397
9198,14.868
9198,19.81
9198,23.189
9198,23.773
9198,15.233
9198,22.558
9198,23.016
9198,18.62
9198,2.349
9198,16.469
9225,14.876
9225,12.313
9225,4.488
9225,13.668
9225,20.47
9225,12.809
9225,10.361
9225,5.882
9225,15.265
9225,1.609
9225,8.633
9225,19.958
9225,14.464
9225,22.169
9225,12.849
9225,24.18
9225,13.214
9225,12.84
9225,17.804
9225,16.628
9225,23.277
9225,8.101
9225,19.285
9225,24.479
9225,22.818
9225,21.966
9225,5.3
9225,14.461
9225,-1.429
9225,20.353
9225,15.292
9225,9.476
9225,20.489
9225,23.689
9225,6.708
9225,19.279
9292,5.983
9292,2.025
9292,8.175
9292,11.313
9292,2.782
9292,1.219
9292,6.05
9292,17.813
9292,7.032
9292,3.818
9292,3.895
9292,19.781
9292,7.495
9292,23.289
9292,6.983
9292,22.059
9292,20.468
9292,10.619
9292,14.514
9340,20.636
9340,12.903
9340,6.904
9340,9.618
9340,12.907
9340,15.085
9340,22.32
9340,9.98
9340,19.404
9340,22.512
9340,15.767
9340,1.193
9340,8.265
9340,21.89
9340,3.068
9340,9.429
9340,10.777
9340,8.536
9340,19.624
9340,1.927
9340,6.138
9340,18.185
9340,-1.864
9340,9.759
9340,10.346
9340,10.944
9340,4.009
9340,13.19
9340,.726
9347,21.829
9347,21.085
9347,16.956
9347,6.02
9347,12.769
9347,8.61
9347,19.477
9347,14.542
9347,7.608
9347,1.011
9347,16.734
9347,5.249
9347,18.415
9347,1.306
9347,16.206
9347,17.321
9347,22.095
9347,8.699
9347,19.703
9347,11.49
9347,14.605
9347,19.341
9347,5.399
9347,15.283
9347,19.612
9347,17.964
9347,18.056
9347,12.163
9347,15.628
9347,11.715
9347,10.382
9347,6.49
9347,10.573
9347,10.198
9347,19.461
9347,18.268
9347,4.648
9347,-.551
9347,14.321
9347,6.9
9347,12.544
9347,17.4
9347,20.24
9347,14.285
9347,20.244
9347,17.876
9347,9.901
9347,21.204
9347,11.955
9347,23.151
9347,10.019
9347,19.591
9347,10.848
9347,13.801
9347,9.858
9347,14.498
9347,6.713
9359,19.797
9359,13.476
9359,24.232
9359,22.714
9359,9.332
9359,13.006
9359,2.945
9359,19.566
9359,4.307
9359,7.541
9359,19.644
9359,-1.292
9359,13.946
9359,17.348
9359,21.435
9359,14.359
9359,14.126
9359,6.606
9359,24.386
9359,21.781
9359,14.716
9359,9.751
9359,3.519
9359,22.106
9359,18.578
9359,19.03
9359,20.668
9359,6.112
9359,7.647
9359,23.723
9359,18.66
9359,12.311
9359,24.677
9359,19.527
9359,8.954
9359,15.847
9359,10.279
9359,16.54
9359,20.939
9359,13.11
9359,23.182
9359,21.546
9359,-.501
9359,17.62
9359,22.632
9359,23.281
9359,23.96
9359,22.517
9359,7.462
9359,11.307
9359,11.353
9359,7.546
9359,21.489
9397,5.873
9397,19.521
9397,13.382
9397,22.566
9397,12.366
9397,4.851
9397,9.262
9397,21.362
9397,20.453
9397,4.087
9397,8.853
9397,13.553
9397,15.28
9397,11.378
9397,5.802
9397,3.884
9397,9.179
9397,13.447
9397,11.57
9397,17.49
9397,2.436
9397,5.007
9397,22.082
9397,5.915
9397,11.493
9397,5.19
9397,2.331
9397,12.316
9397,-2.572
9397,15.708
9397,12.798
9397,10.856
9397,14.772
9397,23.231
9397,2.67
9397,11.366
9397,.68
9397,-2.832
9397,12.79
9397,12.296
9397,9.739
9397,1.836
9397,3.774
9397,16.647
9397,9.961
9397,9.139
9397,12.919
9508,13.932
9508,16.501
9508,11.385
9508,23.501
9508,2.173
9508,19.324
9508,8.032
9508,21.377
9508,18.413
9508,19.174
9508,5.12
9508,20.847
9508,5.136
9508,22.517
9508,23.396
9508,.294
9508,13.533
9508,18.37
9508,8.915
9508,20.761
9508,11.33
9508,5.628
9508,11.721
9508,5.35
9508,15.471
9508,7.737
9508,5.511
9508,17.334
9508,14.982
9508,11.481
9508,14.147
9508,18.534
9508,9.815
9508,20.784
9508,12.587
9550,1.766
9550,12.983
9550,7.77
9550,1.239
9550,19.564
9550,4.285
9550,20.975
9550,5.871
9550,20.149
9550,23.818
9550,6.717
9550,5.282
9550,6.76
9550,12.884
9550,17.485
9550,22.802
9550,6.951
9550,2.957
9550,10.676
9550,10.999
9550,-1.005
9550,3.266
9550,-2.231
9550,10.037
9550,21.896
9550,21.846
9550,19.599
9550,15.995
9550,10.249
9586,14.076
9586,5.112
9586,23.715
9586,7.974
9586,23.962
9586,22.206
9586,18.014
9586,11.294
9586,11.124
9586,-2.832
9586,18.172
9586,17.04
9586,13.478
9586,7.476
9586,20.33
9586,10.865
9586,2.521
9586,17.428
9586,11.437
9586,17.589
9586,14.59
9586,20.74
9586,22.751
9586,10.626
9586,18.871
9586,7.256
9586,16.168
9586,14.266
9586,9.595
9586,19.664
9586,24.479
9586,9.071
9586,10.208
9586,21.53
9586,15.021
9586,9.67
9586,10.067
9586,5.443
9586,14.854
9586,24.292
9586,20.54
9586,8.603
9586,16.553
9586,18.329
9586,24.993
9586,4.244
9586,7.759
9586,18.487
9586,18.519
9586,11.949
9586,4.021
9586,15.26
9586,22.78
9586,20.967
9586,20.402
9586,14.794
9586,19.641
9586,16.241
9586,22.733
